Timestamp,Experiment,FeatureSet,Model,Parameters,Seed,Accuracy,Precision,Recall,F1,AUC,Fold,TrainAccuracy,ValidationSamples
2026-09-11T01:13:42,B1_Logistic,E0_Basic,LogisticRegression,{},2026,0.8770949720670391,0.8405797101449275,0.8405797101449275,0.8405797101449275,0.9210144927536231,1,0.7907303370786517,179
2026-09-11T01:13:42,B1_Logistic,E0_Basic,LogisticRegression,{},2026,0.8146067415730337,0.7611940298507462,0.75,0.7555555555555555,0.891644385026738,2,0.7980364656381487,178
2026-09-11T01:13:42,B1_Logistic,E0_Basic,LogisticRegression,{},2026,0.7921348314606742,0.746031746031746,0.6911764705882353,0.7175572519083969,0.8621657754010695,3,0.8162692847124825,178
2026-09-11T01:13:42,B1_Logistic,E0_Basic,LogisticRegression,{},2026,0.7471910112359551,0.6825396825396826,0.6323529411764706,0.6564885496183206,0.7941844919786095,4,0.8176718092566619,178
2026-09-11T01:13:42,B1_Logistic,E0_Basic,LogisticRegression,{},2026,0.7921348314606742,0.8333333333333334,0.5797101449275363,0.6837606837606838,0.8074059300624917,5,0.8134642356241234,178
2026-09-11T01:13:46,B2_RandomForest,E0_Basic,RandomForest,{},2026,0.8491620111731844,0.8888888888888888,0.6956521739130435,0.7804878048780488,0.9181159420289853,1,0.875,179
2026-09-11T01:13:46,B2_RandomForest,E0_Basic,RandomForest,{},2026,0.8370786516853933,0.8095238095238095,0.75,0.7786259541984732,0.8877673796791444,2,0.8611500701262272,178
2026-09-11T01:13:46,B2_RandomForest,E0_Basic,RandomForest,{},2026,0.8146067415730337,0.8301886792452831,0.6470588235294118,0.7272727272727273,0.894385026737968,3,0.8737727910238429,178
2026-09-11T01:13:46,B2_RandomForest,E0_Basic,RandomForest,{},2026,0.7921348314606742,0.746031746031746,0.6911764705882353,0.7175572519083969,0.8358288770053477,4,0.8751753155680224,178
2026-09-11T01:13:46,B2_RandomForest,E0_Basic,RandomForest,{},2026,0.8146067415730337,0.8913043478260869,0.5942028985507246,0.7130434782608696,0.8106634756016488,5,0.8681626928471248,178
2026-09-11T01:13:46,Ablation_E0_Basic,E0_Basic,LogisticRegression,{},2026,0.8770949720670391,0.8405797101449275,0.8405797101449275,0.8405797101449275,0.9210144927536231,1,0.7907303370786517,179
2026-09-11T01:13:46,Ablation_E0_Basic,E0_Basic,LogisticRegression,{},2026,0.8146067415730337,0.7611940298507462,0.75,0.7555555555555555,0.891644385026738,2,0.7980364656381487,178
2026-09-11T01:13:46,Ablation_E0_Basic,E0_Basic,LogisticRegression,{},2026,0.7921348314606742,0.746031746031746,0.6911764705882353,0.7175572519083969,0.8621657754010695,3,0.8162692847124825,178
2026-09-11T01:13:46,Ablation_E0_Basic,E0_Basic,LogisticRegression,{},2026,0.7471910112359551,0.6825396825396826,0.6323529411764706,0.6564885496183206,0.7941844919786095,4,0.8176718092566619,178
2026-09-11T01:13:46,Ablation_E0_Basic,E0_Basic,LogisticRegression,{},2026,0.7921348314606742,0.8333333333333334,0.5797101449275363,0.6837606837606838,0.8074059300624917,5,0.8134642356241234,178
2026-09-11T01:13:47,Ablation_E1_Title,E1_Title,LogisticRegression,{},2026,0.9050279329608939,0.8714285714285714,0.8840579710144928,0.8776978417266187,0.9363636363636364,1,0.8202247191011236,179
2026-09-11T01:13:47,Ablation_E1_Title,E1_Title,LogisticRegression,{},2026,0.8146067415730337,0.7611940298507462,0.75,0.7555555555555555,0.888770053475936,2,0.8373071528751753,178
2026-09-11T01:13:47,Ablation_E1_Title,E1_Title,LogisticRegression,{},2026,0.8033707865168539,0.746268656716418,0.7352941176470589,0.7407407407407407,0.8816844919786097,3,0.8429172510518934,178
2026-09-11T01:13:47,Ablation_E1_Title,E1_Title,LogisticRegression,{},2026,0.7808988764044944,0.704225352112676,0.7352941176470589,0.7194244604316546,0.8128342245989304,4,0.8415147265077139,178
2026-09-11T01:13:47,Ablation_E1_Title,E1_Title,LogisticRegression,{},2026,0.8033707865168539,0.84,0.6086956521739131,0.7058823529411765,0.8361255152240393,5,0.8387096774193549,178
2026-09-11T01:13:47,Ablation_E2_Family,E2_Family,LogisticRegression,{},2026,0.9106145251396648,0.8955223880597015,0.8695652173913043,0.8823529411764706,0.9353096179183136,1,0.8230337078651685,179
2026-09-11T01:13:47,Ablation_E2_Family,E2_Family,LogisticRegression,{},2026,0.8202247191011236,0.7727272727272727,0.75,0.7611940298507462,0.893716577540107,2,0.8330995792426368,178
2026-09-11T01:13:47,Ablation_E2_Family,E2_Family,LogisticRegression,{},2026,0.8089887640449438,0.7575757575757576,0.7352941176470589,0.746268656716418,0.8883689839572192,3,0.8401122019635343,178
2026-09-11T01:13:47,Ablation_E2_Family,E2_Family,LogisticRegression,{},2026,0.7921348314606742,0.7246376811594203,0.7352941176470589,0.7299270072992701,0.8106951871657754,4,0.8415147265077139,178
2026-09-11T01:13:47,Ablation_E2_Family,E2_Family,LogisticRegression,{},2026,0.8033707865168539,0.84,0.6086956521739131,0.7058823529411765,0.8120595665470016,5,0.8345021037868162,178
2026-09-11T01:13:48,Ablation_E3_Ticket,E3_Ticket,LogisticRegression,{},2026,0.8324022346368715,0.819672131147541,0.7246376811594203,0.7692307692307693,0.8797101449275362,1,0.8356741573033708,179
2026-09-11T01:13:48,Ablation_E3_Ticket,E3_Ticket,LogisticRegression,{},2026,0.8089887640449438,0.7575757575757576,0.7352941176470589,0.746268656716418,0.8748663101604277,2,0.8429172510518934,178
2026-09-11T01:13:48,Ablation_E3_Ticket,E3_Ticket,LogisticRegression,{},2026,0.8089887640449438,0.7575757575757576,0.7352941176470589,0.746268656716418,0.8946524064171122,3,0.844319775596073,178
2026-09-11T01:13:48,Ablation_E3_Ticket,E3_Ticket,LogisticRegression,{},2026,0.7696629213483146,0.684931506849315,0.7352941176470589,0.7092198581560284,0.8446524064171124,4,0.8569424964936886,178
2026-09-11T01:13:48,Ablation_E3_Ticket,E3_Ticket,LogisticRegression,{},2026,0.8033707865168539,0.84,0.6086956521739131,0.7058823529411765,0.8125249301954528,5,0.844319775596073,178
2026-09-11T01:13:49,Ablation_E4_Fare,E4_Fare,LogisticRegression,{},2026,0.8156424581005587,0.78125,0.7246376811594203,0.7518796992481203,0.8789196310935441,1,0.8356741573033708,179
2026-09-11T01:13:49,Ablation_E4_Fare,E4_Fare,LogisticRegression,{},2026,0.8033707865168539,0.746268656716418,0.7352941176470589,0.7407407407407407,0.8735294117647059,2,0.8401122019635343,178
2026-09-11T01:13:49,Ablation_E4_Fare,E4_Fare,LogisticRegression,{},2026,0.8089887640449438,0.7575757575757576,0.7352941176470589,0.746268656716418,0.8927807486631016,3,0.8485273492286115,178
2026-09-11T01:13:49,Ablation_E4_Fare,E4_Fare,LogisticRegression,{},2026,0.7696629213483146,0.684931506849315,0.7352941176470589,0.7092198581560284,0.8473262032085561,4,0.85273492286115,178
2026-09-11T01:13:49,Ablation_E4_Fare,E4_Fare,LogisticRegression,{},2026,0.8146067415730337,0.8461538461538461,0.6376811594202898,0.7272727272727273,0.815848956255817,5,0.8415147265077139,178
2026-09-11T01:13:49,Ablation_E5_Cabin,E5_Cabin,LogisticRegression,{},2026,0.8324022346368715,0.8,0.7536231884057971,0.7761194029850746,0.8723320158102768,1,0.8412921348314607,179
2026-09-11T01:13:49,Ablation_E5_Cabin,E5_Cabin,LogisticRegression,{},2026,0.8370786516853933,0.782608695652174,0.7941176470588235,0.7883211678832117,0.8717914438502675,2,0.8457223001402524,178
2026-09-11T01:13:49,Ablation_E5_Cabin,E5_Cabin,LogisticRegression,{},2026,0.797752808988764,0.7352941176470589,0.7352941176470589,0.7352941176470589,0.8938502673796791,3,0.8541374474053296,178
2026-09-11T01:13:49,Ablation_E5_Cabin,E5_Cabin,LogisticRegression,{},2026,0.797752808988764,0.7105263157894737,0.7941176470588235,0.75,0.8578877005347593,4,0.8555399719495091,178
2026-09-11T01:13:49,Ablation_E5_Cabin,E5_Cabin,LogisticRegression,{},2026,0.7921348314606742,0.7962962962962963,0.6231884057971014,0.6991869918699187,0.8187740991889376,5,0.8499298737727911,178
2026-09-11T01:13:50,Ablation_E6_SmartAge,E6_SmartAge,LogisticRegression,{},2026,0.8156424581005587,0.78125,0.7246376811594203,0.7518796992481203,0.8741765480895914,1,0.8398876404494382,179
2026-09-11T01:13:50,Ablation_E6_SmartAge,E6_SmartAge,LogisticRegression,{},2026,0.8314606741573034,0.7714285714285715,0.7941176470588235,0.782608695652174,0.8704545454545455,2,0.844319775596073,178
2026-09-11T01:13:50,Ablation_E6_SmartAge,E6_SmartAge,LogisticRegression,{},2026,0.797752808988764,0.7352941176470589,0.7352941176470589,0.7352941176470589,0.8858288770053476,3,0.8583450210378681,178
2026-09-11T01:13:50,Ablation_E6_SmartAge,E6_SmartAge,LogisticRegression,{},2026,0.8033707865168539,0.72,0.7941176470588235,0.7552447552447552,0.8556149732620322,4,0.8569424964936886,178
2026-09-11T01:13:50,Ablation_E6_SmartAge,E6_SmartAge,LogisticRegression,{},2026,0.7921348314606742,0.7857142857142857,0.6376811594202898,0.704,0.819571865443425,5,0.8499298737727911,178
2026-09-11T01:13:51,Ablation_E7_Interactions,E7_Interactions,LogisticRegression,{},2026,0.8100558659217877,0.7966101694915254,0.6811594202898551,0.734375,0.8667984189723321,1,0.8581460674157303,179
2026-09-11T01:13:51,Ablation_E7_Interactions,E7_Interactions,LogisticRegression,{},2026,0.8314606741573034,0.7878787878787878,0.7647058823529411,0.7761194029850746,0.8741978609625667,2,0.8555399719495091,178
2026-09-11T01:13:51,Ablation_E7_Interactions,E7_Interactions,LogisticRegression,{},2026,0.797752808988764,0.7424242424242424,0.7205882352941176,0.7313432835820896,0.9069518716577541,3,0.8695652173913043,178
2026-09-11T01:13:51,Ablation_E7_Interactions,E7_Interactions,LogisticRegression,{},2026,0.7752808988764045,0.7058823529411765,0.7058823529411765,0.7058823529411765,0.8491978609625669,4,0.876577840112202,178
2026-09-11T01:13:51,Ablation_E7_Interactions,E7_Interactions,LogisticRegression,{},2026,0.8146067415730337,0.8461538461538461,0.6376811594202898,0.7272727272727273,0.8583964898284803,5,0.8611500701262272,178
2026-09-11T01:13:52,Ablation_E8_FamilySurvival,E8_FamilySurvival,LogisticRegression,{},2026,0.8324022346368715,0.8305084745762712,0.7101449275362319,0.765625,0.8843214756258235,1,0.8637640449438202,179
2026-09-11T01:13:52,Ablation_E8_FamilySurvival,E8_FamilySurvival,LogisticRegression,{},2026,0.8370786516853933,0.8,0.7647058823529411,0.7819548872180451,0.8851604278074866,2,0.8709677419354839,178
2026-09-11T01:13:52,Ablation_E8_FamilySurvival,E8_FamilySurvival,LogisticRegression,{},2026,0.8033707865168539,0.7538461538461538,0.7205882352941176,0.7368421052631579,0.9233957219251336,3,0.8779803646563815,178
2026-09-11T01:13:52,Ablation_E8_FamilySurvival,E8_FamilySurvival,LogisticRegression,{},2026,0.797752808988764,0.7424242424242424,0.7205882352941176,0.7313432835820896,0.8713903743315509,4,0.8835904628330996,178
2026-09-11T01:13:52,Ablation_E8_FamilySurvival,E8_FamilySurvival,LogisticRegression,{},2026,0.8033707865168539,0.8269230769230769,0.6231884057971014,0.7107438016528925,0.8728892434516686,5,0.8751753155680224,178
2026-09-11T01:13:53,Ablation_E9_TicketSurvival,E9_TicketSurvival,LogisticRegression,{},2026,0.8268156424581006,0.8064516129032258,0.7246376811594203,0.7633587786259542,0.8773386034255599,1,0.8707865168539326,179
2026-09-11T01:13:53,Ablation_E9_TicketSurvival,E9_TicketSurvival,LogisticRegression,{},2026,0.8426966292134831,0.803030303030303,0.7794117647058824,0.7910447761194029,0.8927807486631016,2,0.8835904628330996,178
2026-09-11T01:13:53,Ablation_E9_TicketSurvival,E9_TicketSurvival,LogisticRegression,{},2026,0.8258426966292135,0.7761194029850746,0.7647058823529411,0.7703703703703704,0.9290106951871658,3,0.879382889200561,178
2026-09-11T01:13:53,Ablation_E9_TicketSurvival,E9_TicketSurvival,LogisticRegression,{},2026,0.797752808988764,0.7352941176470589,0.7352941176470589,0.7352941176470589,0.8752673796791445,4,0.8906030855539971,178
2026-09-11T01:13:53,Ablation_E9_TicketSurvival,E9_TicketSurvival,LogisticRegression,{},2026,0.8202247191011236,0.8627450980392157,0.6376811594202898,0.7333333333333333,0.8724903603244251,5,0.8807854137447405,178
2026-09-11T01:13:54,Ablation_E10_Group,E10_Group,LogisticRegression,{},2026,0.8268156424581006,0.8064516129032258,0.7246376811594203,0.7633587786259542,0.8773386034255599,1,0.8707865168539326,179
2026-09-11T01:13:54,Ablation_E10_Group,E10_Group,LogisticRegression,{},2026,0.8426966292134831,0.803030303030303,0.7794117647058824,0.7910447761194029,0.8927807486631016,2,0.8835904628330996,178
2026-09-11T01:13:54,Ablation_E10_Group,E10_Group,LogisticRegression,{},2026,0.8258426966292135,0.7761194029850746,0.7647058823529411,0.7703703703703704,0.9290106951871658,3,0.879382889200561,178
2026-09-11T01:13:54,Ablation_E10_Group,E10_Group,LogisticRegression,{},2026,0.797752808988764,0.7352941176470589,0.7352941176470589,0.7352941176470589,0.8752673796791445,4,0.8906030855539971,178
2026-09-11T01:13:54,Ablation_E10_Group,E10_Group,LogisticRegression,{},2026,0.8202247191011236,0.8627450980392157,0.6376811594202898,0.7333333333333333,0.8724903603244251,5,0.8807854137447405,178
2026-09-11T01:13:57,Age_median,E7_Interactions,GradientBoosting,{},2026,0.8491620111731844,0.8088235294117647,0.7971014492753623,0.8029197080291971,0.8986824769433465,1,0.901685393258427,179
2026-09-11T01:13:57,Age_median,E7_Interactions,GradientBoosting,{},2026,0.8426966292134831,0.7857142857142857,0.8088235294117647,0.7971014492753623,0.8969251336898395,2,0.8877980364656382,178
2026-09-11T01:13:57,Age_median,E7_Interactions,GradientBoosting,{},2026,0.8202247191011236,0.8,0.7058823529411765,0.75,0.9008021390374331,3,0.8906030855539971,178
2026-09-11T01:13:57,Age_median,E7_Interactions,GradientBoosting,{},2026,0.7921348314606742,0.7384615384615385,0.7058823529411765,0.7218045112781954,0.8625668449197861,4,0.8990182328190743,178
2026-09-11T01:13:57,Age_median,E7_Interactions,GradientBoosting,{},2026,0.8202247191011236,0.8936170212765957,0.6086956521739131,0.7241379310344828,0.8482249700837654,5,0.9018232819074333,178
2026-09-11T01:14:01,Age_pclass_sex,E7_Interactions,GradientBoosting,{},2026,0.8491620111731844,0.8088235294117647,0.7971014492753623,0.8029197080291971,0.9006587615283267,1,0.9002808988764045,179
2026-09-11T01:14:01,Age_pclass_sex,E7_Interactions,GradientBoosting,{},2026,0.8426966292134831,0.7777777777777778,0.8235294117647058,0.8,0.8931818181818182,2,0.8835904628330996,178
2026-09-11T01:14:01,Age_pclass_sex,E7_Interactions,GradientBoosting,{},2026,0.8258426966292135,0.8135593220338984,0.7058823529411765,0.7559055118110236,0.904144385026738,3,0.8920056100981767,178
2026-09-11T01:14:01,Age_pclass_sex,E7_Interactions,GradientBoosting,{},2026,0.7865168539325843,0.7205882352941176,0.7205882352941176,0.7205882352941176,0.8655080213903743,4,0.8962131837307152,178
2026-09-11T01:14:01,Age_pclass_sex,E7_Interactions,GradientBoosting,{},2026,0.8202247191011236,0.8936170212765957,0.6086956521739131,0.7241379310344828,0.8512830740593007,5,0.9046283309957924,178
2026-09-11T01:14:04,Age_title_pclass,E7_Interactions,GradientBoosting,{},2026,0.8547486033519553,0.8208955223880597,0.7971014492753623,0.8088235294117647,0.8992094861660078,1,0.901685393258427,179
2026-09-11T01:14:04,Age_title_pclass,E7_Interactions,GradientBoosting,{},2026,0.848314606741573,0.7887323943661971,0.8235294117647058,0.8057553956834532,0.8937834224598931,2,0.884992987377279,178
2026-09-11T01:14:04,Age_title_pclass,E7_Interactions,GradientBoosting,{},2026,0.8146067415730337,0.7868852459016393,0.7058823529411765,0.7441860465116279,0.9033422459893048,3,0.8920056100981767,178
2026-09-11T01:14:04,Age_title_pclass,E7_Interactions,GradientBoosting,{},2026,0.7808988764044944,0.7230769230769231,0.6911764705882353,0.706766917293233,0.8605614973262032,4,0.8990182328190743,178
2026-09-11T01:14:04,Age_title_pclass,E7_Interactions,GradientBoosting,{},2026,0.8258426966292135,0.8958333333333334,0.6231884057971014,0.7350427350427351,0.8486903337322164,5,0.9074333800841514,178
2026-09-11T01:14:06,Age_smart,E7_Interactions,GradientBoosting,{},2026,0.8547486033519553,0.8208955223880597,0.7971014492753623,0.8088235294117647,0.8992094861660078,1,0.901685393258427,179
2026-09-11T01:14:06,Age_smart,E7_Interactions,GradientBoosting,{},2026,0.8426966292134831,0.7857142857142857,0.8088235294117647,0.7971014492753623,0.8933155080213905,2,0.8863955119214586,178
2026-09-11T01:14:06,Age_smart,E7_Interactions,GradientBoosting,{},2026,0.8202247191011236,0.8,0.7058823529411765,0.75,0.9050802139037435,3,0.8934081346423562,178
2026-09-11T01:14:06,Age_smart,E7_Interactions,GradientBoosting,{},2026,0.7808988764044944,0.7230769230769231,0.6911764705882353,0.706766917293233,0.8605614973262032,4,0.8990182328190743,178
2026-09-11T01:14:06,Age_smart,E7_Interactions,GradientBoosting,{},2026,0.8258426966292135,0.8958333333333334,0.6231884057971014,0.7350427350427351,0.8526126844834463,5,0.9032258064516129,178
2026-09-11T01:14:09,ChildAge_14,E7_Interactions,GradientBoosting,{},2026,0.8491620111731844,0.8088235294117647,0.7971014492753623,0.8029197080291971,0.8980237154150197,1,0.901685393258427,179
2026-09-11T01:14:09,ChildAge_14,E7_Interactions,GradientBoosting,{},2026,0.8426966292134831,0.7857142857142857,0.8088235294117647,0.7971014492753623,0.8957887700534759,2,0.8892005610098177,178
2026-09-11T01:14:09,ChildAge_14,E7_Interactions,GradientBoosting,{},2026,0.8146067415730337,0.7868852459016393,0.7058823529411765,0.7441860465116279,0.906951871657754,3,0.8920056100981767,178
2026-09-11T01:14:09,ChildAge_14,E7_Interactions,GradientBoosting,{},2026,0.7808988764044944,0.7164179104477612,0.7058823529411765,0.7111111111111111,0.8609625668449198,4,0.9004207573632539,178
2026-09-11T01:14:09,ChildAge_14,E7_Interactions,GradientBoosting,{},2026,0.8314606741573034,0.9148936170212766,0.6231884057971014,0.7413793103448276,0.8501529051987767,5,0.9074333800841514,178
2026-09-11T01:14:11,ChildAge_16,E7_Interactions,GradientBoosting,{},2026,0.8547486033519553,0.8208955223880597,0.7971014492753623,0.8088235294117647,0.8992094861660078,1,0.901685393258427,179
2026-09-11T01:14:11,ChildAge_16,E7_Interactions,GradientBoosting,{},2026,0.8426966292134831,0.7857142857142857,0.8088235294117647,0.7971014492753623,0.8933155080213905,2,0.8863955119214586,178
2026-09-11T01:14:11,ChildAge_16,E7_Interactions,GradientBoosting,{},2026,0.8202247191011236,0.8,0.7058823529411765,0.75,0.9050802139037435,3,0.8934081346423562,178
2026-09-11T01:14:11,ChildAge_16,E7_Interactions,GradientBoosting,{},2026,0.7808988764044944,0.7230769230769231,0.6911764705882353,0.706766917293233,0.8605614973262032,4,0.8990182328190743,178
2026-09-11T01:14:11,ChildAge_16,E7_Interactions,GradientBoosting,{},2026,0.8258426966292135,0.8958333333333334,0.6231884057971014,0.7350427350427351,0.8526126844834463,5,0.9032258064516129,178
2026-09-11T01:14:13,ChildAge_18,E7_Interactions,GradientBoosting,{},2026,0.8491620111731844,0.8088235294117647,0.7971014492753623,0.8029197080291971,0.8986824769433466,1,0.9044943820224719,179
2026-09-11T01:14:13,ChildAge_18,E7_Interactions,GradientBoosting,{},2026,0.8370786516853933,0.7746478873239436,0.8088235294117647,0.7913669064748201,0.89451871657754,2,0.8835904628330996,178
2026-09-11T01:14:13,ChildAge_18,E7_Interactions,GradientBoosting,{},2026,0.8146067415730337,0.7868852459016393,0.7058823529411765,0.7441860465116279,0.90548128342246,3,0.8906030855539971,178
2026-09-11T01:14:13,ChildAge_18,E7_Interactions,GradientBoosting,{},2026,0.7752808988764045,0.7121212121212122,0.6911764705882353,0.7014925373134329,0.8574866310160427,4,0.8990182328190743,178
2026-09-11T01:14:13,ChildAge_18,E7_Interactions,GradientBoosting,{},2026,0.8258426966292135,0.8958333333333334,0.6231884057971014,0.7350427350427351,0.8500199441563621,5,0.9046283309957924,178
2026-09-11T01:14:16,TicketFrequency_train,E7_Interactions,GradientBoosting,{},2026,0.8268156424581006,0.7794117647058824,0.7681159420289855,0.7737226277372263,0.8977602108036891,1,0.9115168539325843,179
2026-09-11T01:14:16,TicketFrequency_train,E7_Interactions,GradientBoosting,{},2026,0.8651685393258427,0.84375,0.7941176470588235,0.8181818181818182,0.8975267379679145,2,0.8934081346423562,178
2026-09-11T01:14:16,TicketFrequency_train,E7_Interactions,GradientBoosting,{},2026,0.8202247191011236,0.8,0.7058823529411765,0.75,0.9129679144385028,3,0.8920056100981767,178
2026-09-11T01:14:16,TicketFrequency_train,E7_Interactions,GradientBoosting,{},2026,0.797752808988764,0.7352941176470589,0.7352941176470589,0.7352941176470589,0.8680481283422462,4,0.9004207573632539,178
2026-09-11T01:14:16,TicketFrequency_train,E7_Interactions,GradientBoosting,{},2026,0.8314606741573034,0.8823529411764706,0.6521739130434783,0.75,0.8453663076718522,5,0.908835904628331,178
2026-09-11T01:14:18,TicketFrequency_combined,E7_Interactions,GradientBoosting,{},2026,0.8547486033519553,0.8208955223880597,0.7971014492753623,0.8088235294117647,0.8992094861660078,1,0.901685393258427,179
2026-09-11T01:14:18,TicketFrequency_combined,E7_Interactions,GradientBoosting,{},2026,0.8426966292134831,0.7857142857142857,0.8088235294117647,0.7971014492753623,0.8933155080213905,2,0.8863955119214586,178
2026-09-11T01:14:18,TicketFrequency_combined,E7_Interactions,GradientBoosting,{},2026,0.8202247191011236,0.8,0.7058823529411765,0.75,0.9050802139037435,3,0.8934081346423562,178
2026-09-11T01:14:18,TicketFrequency_combined,E7_Interactions,GradientBoosting,{},2026,0.7808988764044944,0.7230769230769231,0.6911764705882353,0.706766917293233,0.8605614973262032,4,0.8990182328190743,178
2026-09-11T01:14:18,TicketFrequency_combined,E7_Interactions,GradientBoosting,{},2026,0.8258426966292135,0.8958333333333334,0.6231884057971014,0.7350427350427351,0.8526126844834463,5,0.9032258064516129,178
2026-09-11T01:14:18,Pool_LogisticRegression,E10_Group,LogisticRegression,{},2026,0.8268156424581006,0.8064516129032258,0.7246376811594203,0.7633587786259542,0.8773386034255599,1,0.8707865168539326,179
2026-09-11T01:14:18,Pool_LogisticRegression,E10_Group,LogisticRegression,{},2026,0.8426966292134831,0.803030303030303,0.7794117647058824,0.7910447761194029,0.8927807486631016,2,0.8835904628330996,178
2026-09-11T01:14:18,Pool_LogisticRegression,E10_Group,LogisticRegression,{},2026,0.8258426966292135,0.7761194029850746,0.7647058823529411,0.7703703703703704,0.9290106951871658,3,0.879382889200561,178
2026-09-11T01:14:18,Pool_LogisticRegression,E10_Group,LogisticRegression,{},2026,0.797752808988764,0.7352941176470589,0.7352941176470589,0.7352941176470589,0.8752673796791445,4,0.8906030855539971,178
2026-09-11T01:14:18,Pool_LogisticRegression,E10_Group,LogisticRegression,{},2026,0.8202247191011236,0.8627450980392157,0.6376811594202898,0.7333333333333333,0.8724903603244251,5,0.8807854137447405,178
2026-09-11T01:14:19,Pool_SVC,E10_Group,SVC,{},2026,0.7988826815642458,0.7619047619047619,0.6956521739130435,0.7272727272727273,0.877733860342556,1,0.9058988764044944,179
2026-09-11T01:14:19,Pool_SVC,E10_Group,SVC,{},2026,0.848314606741573,0.8360655737704918,0.75,0.7906976744186046,0.891711229946524,2,0.9116409537166901,178
2026-09-11T01:14:19,Pool_SVC,E10_Group,SVC,{},2026,0.8202247191011236,0.7903225806451613,0.7205882352941176,0.7538461538461538,0.8957887700534759,3,0.9018232819074333,178
2026-09-11T01:14:19,Pool_SVC,E10_Group,SVC,{},2026,0.7808988764044944,0.7101449275362319,0.7205882352941176,0.7153284671532847,0.8544117647058824,4,0.9046283309957924,178
2026-09-11T01:14:19,Pool_SVC,E10_Group,SVC,{},2026,0.8089887640449438,0.8431372549019608,0.6231884057971014,0.7166666666666667,0.8784736072330805,5,0.9102384291725105,178
2026-09-11T01:14:19,Pool_KNN,E10_Group,KNN,{},2026,0.8324022346368715,0.8,0.7536231884057971,0.7761194029850746,0.8857048748353097,1,1.0,179
2026-09-11T01:14:19,Pool_KNN,E10_Group,KNN,{},2026,0.8202247191011236,0.7903225806451613,0.7205882352941176,0.7538461538461538,0.8745989304812835,2,1.0,178
2026-09-11T01:14:19,Pool_KNN,E10_Group,KNN,{},2026,0.8146067415730337,0.7868852459016393,0.7058823529411765,0.7441860465116279,0.8925133689839573,3,1.0,178
2026-09-11T01:14:19,Pool_KNN,E10_Group,KNN,{},2026,0.797752808988764,0.7424242424242424,0.7205882352941176,0.7313432835820896,0.8692513368983957,4,1.0,178
2026-09-11T01:14:19,Pool_KNN,E10_Group,KNN,{},2026,0.8146067415730337,0.875,0.6086956521739131,0.717948717948718,0.8663741523733546,5,1.0,178
2026-09-11T01:14:23,Pool_RandomForest,E10_Group,RandomForest,{},2026,0.888268156424581,0.8656716417910447,0.8405797101449275,0.8529411764705882,0.9171277997364953,1,0.8960674157303371,179
2026-09-11T01:14:23,Pool_RandomForest,E10_Group,RandomForest,{},2026,0.8539325842696629,0.8387096774193549,0.7647058823529411,0.8,0.9088235294117647,2,0.879382889200561,178
2026-09-11T01:14:23,Pool_RandomForest,E10_Group,RandomForest,{},2026,0.8314606741573034,0.8275862068965517,0.7058823529411765,0.7619047619047619,0.9191176470588236,3,0.876577840112202,178
2026-09-11T01:14:23,Pool_RandomForest,E10_Group,RandomForest,{},2026,0.8089887640449438,0.75,0.75,0.75,0.879812834224599,4,0.8892005610098177,178
2026-09-11T01:14:23,Pool_RandomForest,E10_Group,RandomForest,{},2026,0.8314606741573034,0.8823529411764706,0.6521739130434783,0.75,0.8509506714532642,5,0.8807854137447405,178
2026-09-11T01:14:26,Pool_ExtraTrees,E10_Group,ExtraTrees,{},2026,0.8435754189944135,0.7971014492753623,0.7971014492753623,0.7971014492753623,0.8917654808959156,1,0.9424157303370787,179
2026-09-11T01:14:26,Pool_ExtraTrees,E10_Group,ExtraTrees,{},2026,0.8258426966292135,0.7761194029850746,0.7647058823529411,0.7703703703703704,0.9125668449197861,2,0.9284712482468443,178
2026-09-11T01:14:26,Pool_ExtraTrees,E10_Group,ExtraTrees,{},2026,0.8202247191011236,0.7903225806451613,0.7205882352941176,0.7538461538461538,0.9064171122994652,3,0.9270687237026648,178
2026-09-11T01:14:26,Pool_ExtraTrees,E10_Group,ExtraTrees,{},2026,0.7865168539325843,0.734375,0.6911764705882353,0.7121212121212122,0.8915775401069518,4,0.938288920056101,178
2026-09-11T01:14:26,Pool_ExtraTrees,E10_Group,ExtraTrees,{},2026,0.8258426966292135,0.88,0.6376811594202898,0.7394957983193278,0.8655763861188671,5,0.9326788218793829,178
2026-09-11T01:14:28,Pool_GradientBoosting,E10_Group,GradientBoosting,{},2026,0.8659217877094972,0.835820895522388,0.8115942028985508,0.8235294117647058,0.9014492753623189,1,0.9115168539325843,179
2026-09-11T01:14:28,Pool_GradientBoosting,E10_Group,GradientBoosting,{},2026,0.8595505617977528,0.8307692307692308,0.7941176470588235,0.8120300751879699,0.9136363636363636,2,0.8976157082748948,178
2026-09-11T01:14:28,Pool_GradientBoosting,E10_Group,GradientBoosting,{},2026,0.8258426966292135,0.8032786885245902,0.7205882352941176,0.7596899224806202,0.9118983957219251,3,0.9046283309957924,178
2026-09-11T01:14:28,Pool_GradientBoosting,E10_Group,GradientBoosting,{},2026,0.7921348314606742,0.7313432835820896,0.7205882352941176,0.725925925925926,0.8774064171122995,4,0.9074333800841514,178
2026-09-11T01:14:28,Pool_GradientBoosting,E10_Group,GradientBoosting,{},2026,0.8314606741573034,0.8823529411764706,0.6521739130434783,0.75,0.8725568408456323,5,0.906030855539972,178
2026-09-11T01:14:30,Pool_HistGradientBoosting,E10_Group,HistGradientBoosting,{},2026,0.8715083798882681,0.8382352941176471,0.8260869565217391,0.8321167883211679,0.8891963109354414,1,0.9508426966292135,179
2026-09-11T01:14:30,Pool_HistGradientBoosting,E10_Group,HistGradientBoosting,{},2026,0.8651685393258427,0.84375,0.7941176470588235,0.8181818181818182,0.914572192513369,2,0.9509116409537167,178
2026-09-11T01:14:30,Pool_HistGradientBoosting,E10_Group,HistGradientBoosting,{},2026,0.8202247191011236,0.78125,0.7352941176470589,0.7575757575757576,0.9040106951871658,3,0.9453015427769986,178
2026-09-11T01:14:30,Pool_HistGradientBoosting,E10_Group,HistGradientBoosting,{},2026,0.8258426966292135,0.7846153846153846,0.75,0.7669172932330827,0.868716577540107,4,0.9551192145862553,178
2026-09-11T01:14:30,Pool_HistGradientBoosting,E10_Group,HistGradientBoosting,{},2026,0.8539325842696629,0.9215686274509803,0.6811594202898551,0.7833333333333333,0.8781412046270444,5,0.9621318373071529,178
2026-09-11T01:14:32,Pool_XGBoost,E10_Group,XGBoost,{},2026,0.8547486033519553,0.8208955223880597,0.7971014492753623,0.8088235294117647,0.903820816864295,1,0.8946629213483146,179
2026-09-11T01:14:32,Pool_XGBoost,E10_Group,XGBoost,{},2026,0.8707865168539326,0.8461538461538461,0.8088235294117647,0.8270676691729323,0.9229946524064171,2,0.8990182328190743,178
2026-09-11T01:14:32,Pool_XGBoost,E10_Group,XGBoost,{},2026,0.797752808988764,0.7352941176470589,0.7352941176470589,0.7352941176470589,0.9072192513368984,3,0.9032258064516129,178
2026-09-11T01:14:32,Pool_XGBoost,E10_Group,XGBoost,{},2026,0.7865168539325843,0.7272727272727273,0.7058823529411765,0.7164179104477612,0.8676470588235294,4,0.9032258064516129,178
2026-09-11T01:14:32,Pool_XGBoost,E10_Group,XGBoost,{},2026,0.848314606741573,0.92,0.6666666666666666,0.773109243697479,0.8704959446882063,5,0.9116409537166901,178
2026-09-11T01:14:33,Pool_LightGBM,E10_Group,LightGBM,{},2026,0.8491620111731844,0.8088235294117647,0.7971014492753623,0.8029197080291971,0.8955204216073781,1,0.9115168539325843,179
2026-09-11T01:14:33,Pool_LightGBM,E10_Group,LightGBM,{},2026,0.8764044943820225,0.896551724137931,0.7647058823529411,0.8253968253968254,0.9213903743315509,2,0.9200561009817672,178
2026-09-11T01:14:33,Pool_LightGBM,E10_Group,LightGBM,{},2026,0.8033707865168539,0.7619047619047619,0.7058823529411765,0.732824427480916,0.9030748663101605,3,0.9200561009817672,178
2026-09-11T01:14:33,Pool_LightGBM,E10_Group,LightGBM,{},2026,0.8089887640449438,0.7575757575757576,0.7352941176470589,0.746268656716418,0.8647058823529411,4,0.9256661991584852,178
2026-09-11T01:14:33,Pool_LightGBM,E10_Group,LightGBM,{},2026,0.8426966292134831,0.8867924528301887,0.6811594202898551,0.7704918032786885,0.8730222044940832,5,0.9298737727910238,178
2026-09-11T01:14:36,Pool_CatBoost,E10_Group,CatBoost,{},2026,0.8547486033519553,0.8307692307692308,0.782608695652174,0.8059701492537313,0.8942028985507247,1,0.9424157303370787,179
2026-09-11T01:14:36,Pool_CatBoost,E10_Group,CatBoost,{},2026,0.8651685393258427,0.8548387096774194,0.7794117647058824,0.8153846153846154,0.9077540106951872,2,0.938288920056101,178
2026-09-11T01:14:36,Pool_CatBoost,E10_Group,CatBoost,{},2026,0.8202247191011236,0.8,0.7058823529411765,0.75,0.9236631016042781,3,0.9340813464235624,178
2026-09-11T01:14:36,Pool_CatBoost,E10_Group,CatBoost,{},2026,0.8370786516853933,0.8095238095238095,0.75,0.7786259541984732,0.887566844919786,4,0.9396914446002805,178
2026-09-11T01:14:36,Pool_CatBoost,E10_Group,CatBoost,{},2026,0.8539325842696629,0.9056603773584906,0.6956521739130435,0.7868852459016393,0.8709613083366574,5,0.9481065918653576,178
2026-09-11T01:15:18,Finalist_CatBoost,E10_Group,CatBoost,"{""depth"": 4, ""iterations"": 603, ""l2_leaf_reg"": 3.4999806116108285, ""learning_rate"": 0.0360413262384813}",42,0.8603351955307262,0.8333333333333334,0.7971014492753623,0.8148148148148148,0.917391304347826,1,0.9662921348314607,179
2026-09-11T01:15:18,Finalist_CatBoost,E10_Group,CatBoost,"{""depth"": 4, ""iterations"": 603, ""l2_leaf_reg"": 3.4999806116108285, ""learning_rate"": 0.0360413262384813}",42,0.8595505617977528,0.8115942028985508,0.8235294117647058,0.8175182481751825,0.9147727272727273,2,0.9523141654978962,178
2026-09-11T01:15:18,Finalist_CatBoost,E10_Group,CatBoost,"{""depth"": 4, ""iterations"": 603, ""l2_leaf_reg"": 3.4999806116108285, ""learning_rate"": 0.0360413262384813}",42,0.8033707865168539,0.7796610169491526,0.6764705882352942,0.7244094488188977,0.8500000000000001,3,0.9607293127629734,178
2026-09-11T01:15:18,Finalist_CatBoost,E10_Group,CatBoost,"{""depth"": 4, ""iterations"": 603, ""l2_leaf_reg"": 3.4999806116108285, ""learning_rate"": 0.0360413262384813}",42,0.8707865168539326,0.8571428571428571,0.7941176470588235,0.8244274809160306,0.9036096256684493,4,0.9635343618513323,178
2026-09-11T01:15:18,Finalist_CatBoost,E10_Group,CatBoost,"{""depth"": 4, ""iterations"": 603, ""l2_leaf_reg"": 3.4999806116108285, ""learning_rate"": 0.0360413262384813}",42,0.8370786516853933,0.8225806451612904,0.7391304347826086,0.7786259541984732,0.9040021273766786,5,0.9593267882187938,178
2026-09-11T01:15:22,Finalist_CatBoost,E10_Group,CatBoost,"{""depth"": 4, ""iterations"": 603, ""l2_leaf_reg"": 3.4999806116108285, ""learning_rate"": 0.0360413262384813}",2026,0.88268156424581,0.8636363636363636,0.8260869565217391,0.8444444444444444,0.8981554677206852,1,0.9592696629213483,179
2026-09-11T01:15:22,Finalist_CatBoost,E10_Group,CatBoost,"{""depth"": 4, ""iterations"": 603, ""l2_leaf_reg"": 3.4999806116108285, ""learning_rate"": 0.0360413262384813}",2026,0.8539325842696629,0.828125,0.7794117647058824,0.803030303030303,0.906149732620321,2,0.9607293127629734,178
2026-09-11T01:15:22,Finalist_CatBoost,E10_Group,CatBoost,"{""depth"": 4, ""iterations"": 603, ""l2_leaf_reg"": 3.4999806116108285, ""learning_rate"": 0.0360413262384813}",2026,0.8370786516853933,0.8095238095238095,0.75,0.7786259541984732,0.9199197860962567,3,0.9607293127629734,178
2026-09-11T01:15:22,Finalist_CatBoost,E10_Group,CatBoost,"{""depth"": 4, ""iterations"": 603, ""l2_leaf_reg"": 3.4999806116108285, ""learning_rate"": 0.0360413262384813}",2026,0.8314606741573034,0.796875,0.75,0.7727272727272727,0.8894385026737968,4,0.9649368863955119,178
2026-09-11T01:15:22,Finalist_CatBoost,E10_Group,CatBoost,"{""depth"": 4, ""iterations"": 603, ""l2_leaf_reg"": 3.4999806116108285, ""learning_rate"": 0.0360413262384813}",2026,0.8651685393258427,0.9245283018867925,0.7101449275362319,0.8032786885245902,0.8782076851482514,5,0.9635343618513323,178
2026-09-11T01:15:27,Finalist_CatBoost,E10_Group,CatBoost,"{""depth"": 4, ""iterations"": 603, ""l2_leaf_reg"": 3.4999806116108285, ""learning_rate"": 0.0360413262384813}",3407,0.8659217877094972,0.8461538461538461,0.7971014492753623,0.8208955223880597,0.9135704874835311,1,0.9662921348314607,179
2026-09-11T01:15:27,Finalist_CatBoost,E10_Group,CatBoost,"{""depth"": 4, ""iterations"": 603, ""l2_leaf_reg"": 3.4999806116108285, ""learning_rate"": 0.0360413262384813}",3407,0.8539325842696629,0.8620689655172413,0.7352941176470589,0.7936507936507936,0.9187165775401069,2,0.9607293127629734,178
2026-09-11T01:15:27,Finalist_CatBoost,E10_Group,CatBoost,"{""depth"": 4, ""iterations"": 603, ""l2_leaf_reg"": 3.4999806116108285, ""learning_rate"": 0.0360413262384813}",3407,0.848314606741573,0.8360655737704918,0.75,0.7906976744186046,0.8779411764705882,3,0.967741935483871,178
2026-09-11T01:15:27,Finalist_CatBoost,E10_Group,CatBoost,"{""depth"": 4, ""iterations"": 603, ""l2_leaf_reg"": 3.4999806116108285, ""learning_rate"": 0.0360413262384813}",3407,0.8089887640449438,0.7361111111111112,0.7794117647058824,0.7571428571428571,0.8917112299465241,4,0.9593267882187938,178
2026-09-11T01:15:27,Finalist_CatBoost,E10_Group,CatBoost,"{""depth"": 4, ""iterations"": 603, ""l2_leaf_reg"": 3.4999806116108285, ""learning_rate"": 0.0360413262384813}",3407,0.8314606741573034,0.8,0.7536231884057971,0.7761194029850746,0.8804680228692994,5,0.9663394109396914,178
2026-09-11T01:15:32,Finalist_CatBoost,E10_Group,CatBoost,"{""depth"": 4, ""iterations"": 603, ""l2_leaf_reg"": 3.4999806116108285, ""learning_rate"": 0.0360413262384813}",777,0.8156424581005587,0.78125,0.7246376811594203,0.7518796992481203,0.8661396574440052,1,0.9662921348314607,179
2026-09-11T01:15:32,Finalist_CatBoost,E10_Group,CatBoost,"{""depth"": 4, ""iterations"": 603, ""l2_leaf_reg"": 3.4999806116108285, ""learning_rate"": 0.0360413262384813}",777,0.898876404494382,0.9310344827586207,0.7941176470588235,0.8571428571428571,0.9435828877005349,2,0.9523141654978962,178
2026-09-11T01:15:32,Finalist_CatBoost,E10_Group,CatBoost,"{""depth"": 4, ""iterations"": 603, ""l2_leaf_reg"": 3.4999806116108285, ""learning_rate"": 0.0360413262384813}",777,0.8426966292134831,0.7857142857142857,0.8088235294117647,0.7971014492753623,0.8732620320855614,3,0.97054698457223,178
2026-09-11T01:15:32,Finalist_CatBoost,E10_Group,CatBoost,"{""depth"": 4, ""iterations"": 603, ""l2_leaf_reg"": 3.4999806116108285, ""learning_rate"": 0.0360413262384813}",777,0.8258426966292135,0.8135593220338984,0.7058823529411765,0.7559055118110236,0.8593582887700535,4,0.9635343618513323,178
2026-09-11T01:15:32,Finalist_CatBoost,E10_Group,CatBoost,"{""depth"": 4, ""iterations"": 603, ""l2_leaf_reg"": 3.4999806116108285, ""learning_rate"": 0.0360413262384813}",777,0.8595505617977528,0.8666666666666667,0.7536231884057971,0.8062015503875969,0.9170323095333068,5,0.9635343618513323,178
2026-09-11T01:15:36,Finalist_CatBoost,E10_Group,CatBoost,"{""depth"": 4, ""iterations"": 603, ""l2_leaf_reg"": 3.4999806116108285, ""learning_rate"": 0.0360413262384813}",2025,0.8268156424581006,0.7878787878787878,0.7536231884057971,0.7703703703703704,0.8847167325428195,1,0.9691011235955056,179
2026-09-11T01:15:36,Finalist_CatBoost,E10_Group,CatBoost,"{""depth"": 4, ""iterations"": 603, ""l2_leaf_reg"": 3.4999806116108285, ""learning_rate"": 0.0360413262384813}",2025,0.8764044943820225,0.8484848484848485,0.8235294117647058,0.835820895522388,0.9193850267379678,2,0.9593267882187938,178
2026-09-11T01:15:36,Finalist_CatBoost,E10_Group,CatBoost,"{""depth"": 4, ""iterations"": 603, ""l2_leaf_reg"": 3.4999806116108285, ""learning_rate"": 0.0360413262384813}",2025,0.8820224719101124,0.873015873015873,0.8088235294117647,0.8396946564885496,0.9232620320855615,3,0.9565217391304348,178
2026-09-11T01:15:36,Finalist_CatBoost,E10_Group,CatBoost,"{""depth"": 4, ""iterations"": 603, ""l2_leaf_reg"": 3.4999806116108285, ""learning_rate"": 0.0360413262384813}",2025,0.8370786516853933,0.8305084745762712,0.7205882352941176,0.7716535433070866,0.8799465240641712,4,0.9593267882187938,178
2026-09-11T01:15:36,Finalist_CatBoost,E10_Group,CatBoost,"{""depth"": 4, ""iterations"": 603, ""l2_leaf_reg"": 3.4999806116108285, ""learning_rate"": 0.0360413262384813}",2025,0.8146067415730337,0.78125,0.7246376811594203,0.7518796992481203,0.867171918627842,5,0.9607293127629734,178
2026-09-11T01:15:39,Finalist_RandomForest,E10_Group,RandomForest,"{""max_depth"": 10, ""max_features"": 0.5033729605332278, ""min_samples_leaf"": 1, ""n_estimators"": 326}",42,0.8603351955307262,0.8548387096774194,0.7681159420289855,0.8091603053435115,0.9220026350461134,1,0.9676966292134831,179
2026-09-11T01:15:39,Finalist_RandomForest,E10_Group,RandomForest,"{""max_depth"": 10, ""max_features"": 0.5033729605332278, ""min_samples_leaf"": 1, ""n_estimators"": 326}",42,0.8651685393258427,0.84375,0.7941176470588235,0.8181818181818182,0.9015374331550802,2,0.9649368863955119,178
2026-09-11T01:15:39,Finalist_RandomForest,E10_Group,RandomForest,"{""max_depth"": 10, ""max_features"": 0.5033729605332278, ""min_samples_leaf"": 1, ""n_estimators"": 326}",42,0.8426966292134831,0.8333333333333334,0.7352941176470589,0.78125,0.8627005347593584,3,0.967741935483871,178
2026-09-11T01:15:39,Finalist_RandomForest,E10_Group,RandomForest,"{""max_depth"": 10, ""max_features"": 0.5033729605332278, ""min_samples_leaf"": 1, ""n_estimators"": 326}",42,0.848314606741573,0.8059701492537313,0.7941176470588235,0.8,0.8942513368983958,4,0.9649368863955119,178
2026-09-11T01:15:39,Finalist_RandomForest,E10_Group,RandomForest,"{""max_depth"": 10, ""max_features"": 0.5033729605332278, ""min_samples_leaf"": 1, ""n_estimators"": 326}",42,0.848314606741573,0.7916666666666666,0.8260869565217391,0.8085106382978723,0.9069272703097991,5,0.9691444600280504,178
2026-09-11T01:15:42,Finalist_RandomForest,E10_Group,RandomForest,"{""max_depth"": 10, ""max_features"": 0.5033729605332278, ""min_samples_leaf"": 1, ""n_estimators"": 326}",2026,0.8435754189944135,0.8153846153846154,0.7681159420289855,0.7910447761194029,0.8949934123847167,1,0.9691011235955056,179
2026-09-11T01:15:42,Finalist_RandomForest,E10_Group,RandomForest,"{""max_depth"": 10, ""max_features"": 0.5033729605332278, ""min_samples_leaf"": 1, ""n_estimators"": 326}",2026,0.8595505617977528,0.8412698412698413,0.7794117647058824,0.8091603053435115,0.9054812834224599,2,0.9649368863955119,178
2026-09-11T01:15:42,Finalist_RandomForest,E10_Group,RandomForest,"{""max_depth"": 10, ""max_features"": 0.5033729605332278, ""min_samples_leaf"": 1, ""n_estimators"": 326}",2026,0.8314606741573034,0.796875,0.75,0.7727272727272727,0.9243315508021391,3,0.9649368863955119,178
2026-09-11T01:15:42,Finalist_RandomForest,E10_Group,RandomForest,"{""max_depth"": 10, ""max_features"": 0.5033729605332278, ""min_samples_leaf"": 1, ""n_estimators"": 326}",2026,0.8202247191011236,0.7647058823529411,0.7647058823529411,0.7647058823529411,0.886096256684492,4,0.967741935483871,178
2026-09-11T01:15:42,Finalist_RandomForest,E10_Group,RandomForest,"{""max_depth"": 10, ""max_features"": 0.5033729605332278, ""min_samples_leaf"": 1, ""n_estimators"": 326}",2026,0.8651685393258427,0.9090909090909091,0.7246376811594203,0.8064516129032258,0.8744847759606436,5,0.9789621318373072,178
2026-09-11T01:15:44,Finalist_RandomForest,E10_Group,RandomForest,"{""max_depth"": 10, ""max_features"": 0.5033729605332278, ""min_samples_leaf"": 1, ""n_estimators"": 326}",3407,0.8770949720670391,0.873015873015873,0.7971014492753623,0.8333333333333334,0.9130434782608695,1,0.9705056179775281,179
2026-09-11T01:15:44,Finalist_RandomForest,E10_Group,RandomForest,"{""max_depth"": 10, ""max_features"": 0.5033729605332278, ""min_samples_leaf"": 1, ""n_estimators"": 326}",3407,0.8595505617977528,0.8524590163934426,0.7647058823529411,0.8062015503875969,0.908288770053476,2,0.9691444600280504,178
2026-09-11T01:15:44,Finalist_RandomForest,E10_Group,RandomForest,"{""max_depth"": 10, ""max_features"": 0.5033729605332278, ""min_samples_leaf"": 1, ""n_estimators"": 326}",3407,0.8595505617977528,0.864406779661017,0.75,0.8031496062992126,0.8955882352941177,3,0.9719495091164095,178
2026-09-11T01:15:44,Finalist_RandomForest,E10_Group,RandomForest,"{""max_depth"": 10, ""max_features"": 0.5033729605332278, ""min_samples_leaf"": 1, ""n_estimators"": 326}",3407,0.797752808988764,0.7285714285714285,0.75,0.7391304347826086,0.8926470588235295,4,0.9635343618513323,178
2026-09-11T01:15:44,Finalist_RandomForest,E10_Group,RandomForest,"{""max_depth"": 10, ""max_features"": 0.5033729605332278, ""min_samples_leaf"": 1, ""n_estimators"": 326}",3407,0.8426966292134831,0.8153846153846154,0.7681159420289855,0.7910447761194029,0.8675708017550858,5,0.9761570827489481,178
2026-09-11T01:15:47,Finalist_RandomForest,E10_Group,RandomForest,"{""max_depth"": 10, ""max_features"": 0.5033729605332278, ""min_samples_leaf"": 1, ""n_estimators"": 326}",777,0.8268156424581006,0.796875,0.7391304347826086,0.7669172932330827,0.8484848484848485,1,0.9705056179775281,179
2026-09-11T01:15:47,Finalist_RandomForest,E10_Group,RandomForest,"{""max_depth"": 10, ""max_features"": 0.5033729605332278, ""min_samples_leaf"": 1, ""n_estimators"": 326}",777,0.9044943820224719,0.9180327868852459,0.8235294117647058,0.8682170542635659,0.9268716577540107,2,0.967741935483871,178
2026-09-11T01:15:47,Finalist_RandomForest,E10_Group,RandomForest,"{""max_depth"": 10, ""max_features"": 0.5033729605332278, ""min_samples_leaf"": 1, ""n_estimators"": 326}",777,0.848314606741573,0.7971014492753623,0.8088235294117647,0.8029197080291971,0.8885026737967915,3,0.9663394109396914,178
2026-09-11T01:15:47,Finalist_RandomForest,E10_Group,RandomForest,"{""max_depth"": 10, ""max_features"": 0.5033729605332278, ""min_samples_leaf"": 1, ""n_estimators"": 326}",777,0.797752808988764,0.7758620689655172,0.6617647058823529,0.7142857142857143,0.877139037433155,4,0.9663394109396914,178
2026-09-11T01:15:47,Finalist_RandomForest,E10_Group,RandomForest,"{""max_depth"": 10, ""max_features"": 0.5033729605332278, ""min_samples_leaf"": 1, ""n_estimators"": 326}",777,0.8820224719101124,0.875,0.8115942028985508,0.8421052631578947,0.922882595399548,5,0.967741935483871,178
2026-09-11T01:15:49,Finalist_RandomForest,E10_Group,RandomForest,"{""max_depth"": 10, ""max_features"": 0.5033729605332278, ""min_samples_leaf"": 1, ""n_estimators"": 326}",2025,0.8324022346368715,0.7910447761194029,0.7681159420289855,0.7794117647058824,0.8740447957839262,1,0.973314606741573,179
2026-09-11T01:15:49,Finalist_RandomForest,E10_Group,RandomForest,"{""max_depth"": 10, ""max_features"": 0.5033729605332278, ""min_samples_leaf"": 1, ""n_estimators"": 326}",2025,0.8651685393258427,0.8333333333333334,0.8088235294117647,0.8208955223880597,0.9290106951871657,2,0.9635343618513323,178
2026-09-11T01:15:49,Finalist_RandomForest,E10_Group,RandomForest,"{""max_depth"": 10, ""max_features"": 0.5033729605332278, ""min_samples_leaf"": 1, ""n_estimators"": 326}",2025,0.8707865168539326,0.8813559322033898,0.7647058823529411,0.8188976377952756,0.9262032085561497,3,0.9663394109396914,178
2026-09-11T01:15:49,Finalist_RandomForest,E10_Group,RandomForest,"{""max_depth"": 10, ""max_features"": 0.5033729605332278, ""min_samples_leaf"": 1, ""n_estimators"": 326}",2025,0.8651685393258427,0.8666666666666667,0.7647058823529411,0.8125,0.892312834224599,4,0.9691444600280504,178
2026-09-11T01:15:49,Finalist_RandomForest,E10_Group,RandomForest,"{""max_depth"": 10, ""max_features"": 0.5033729605332278, ""min_samples_leaf"": 1, ""n_estimators"": 326}",2025,0.8146067415730337,0.7647058823529411,0.7536231884057971,0.7591240875912408,0.8577316846164074,5,0.9719495091164095,178
2026-09-11T01:15:50,Finalist_LightGBM,E10_Group,LightGBM,"{""learning_rate"": 0.0241382790774509, ""max_depth"": 4, ""min_child_samples"": 17, ""n_estimators"": 480, ""num_leaves"": 16, ""reg_lambda"": 1.0817130716689736}",42,0.8603351955307262,0.8333333333333334,0.7971014492753623,0.8148148148148148,0.9085638998682477,1,0.925561797752809,179
2026-09-11T01:15:50,Finalist_LightGBM,E10_Group,LightGBM,"{""learning_rate"": 0.0241382790774509, ""max_depth"": 4, ""min_child_samples"": 17, ""n_estimators"": 480, ""num_leaves"": 16, ""reg_lambda"": 1.0817130716689736}",42,0.8539325842696629,0.828125,0.7794117647058824,0.803030303030303,0.8973930481283423,2,0.9354838709677419,178
2026-09-11T01:15:50,Finalist_LightGBM,E10_Group,LightGBM,"{""learning_rate"": 0.0241382790774509, ""max_depth"": 4, ""min_child_samples"": 17, ""n_estimators"": 480, ""num_leaves"": 16, ""reg_lambda"": 1.0817130716689736}",42,0.8258426966292135,0.8363636363636363,0.6764705882352942,0.7479674796747967,0.8538770053475935,3,0.9438990182328191,178
2026-09-11T01:15:50,Finalist_LightGBM,E10_Group,LightGBM,"{""learning_rate"": 0.0241382790774509, ""max_depth"": 4, ""min_child_samples"": 17, ""n_estimators"": 480, ""num_leaves"": 16, ""reg_lambda"": 1.0817130716689736}",42,0.8539325842696629,0.828125,0.7794117647058824,0.803030303030303,0.9057486631016044,4,0.938288920056101,178
2026-09-11T01:15:50,Finalist_LightGBM,E10_Group,LightGBM,"{""learning_rate"": 0.0241382790774509, ""max_depth"": 4, ""min_child_samples"": 17, ""n_estimators"": 480, ""num_leaves"": 16, ""reg_lambda"": 1.0817130716689736}",42,0.8539325842696629,0.8208955223880597,0.7971014492753623,0.8088235294117647,0.9071931923946284,5,0.9368863955119214,178
2026-09-11T01:15:50,Finalist_LightGBM,E10_Group,LightGBM,"{""learning_rate"": 0.0241382790774509, ""max_depth"": 4, ""min_child_samples"": 17, ""n_estimators"": 480, ""num_leaves"": 16, ""reg_lambda"": 1.0817130716689736}",2026,0.8547486033519553,0.8115942028985508,0.8115942028985508,0.8115942028985508,0.8965744400527008,1,0.9311797752808989,179
2026-09-11T01:15:50,Finalist_LightGBM,E10_Group,LightGBM,"{""learning_rate"": 0.0241382790774509, ""max_depth"": 4, ""min_child_samples"": 17, ""n_estimators"": 480, ""num_leaves"": 16, ""reg_lambda"": 1.0817130716689736}",2026,0.8876404494382022,0.9,0.7941176470588235,0.84375,0.9147058823529411,2,0.9396914446002805,178
2026-09-11T01:15:50,Finalist_LightGBM,E10_Group,LightGBM,"{""learning_rate"": 0.0241382790774509, ""max_depth"": 4, ""min_child_samples"": 17, ""n_estimators"": 480, ""num_leaves"": 16, ""reg_lambda"": 1.0817130716689736}",2026,0.8202247191011236,0.78125,0.7352941176470589,0.7575757575757576,0.9022727272727273,3,0.9340813464235624,178
2026-09-11T01:15:50,Finalist_LightGBM,E10_Group,LightGBM,"{""learning_rate"": 0.0241382790774509, ""max_depth"": 4, ""min_child_samples"": 17, ""n_estimators"": 480, ""num_leaves"": 16, ""reg_lambda"": 1.0817130716689736}",2026,0.8314606741573034,0.8064516129032258,0.7352941176470589,0.7692307692307693,0.8697860962566846,4,0.94109396914446,178
2026-09-11T01:15:50,Finalist_LightGBM,E10_Group,LightGBM,"{""learning_rate"": 0.0241382790774509, ""max_depth"": 4, ""min_child_samples"": 17, ""n_estimators"": 480, ""num_leaves"": 16, ""reg_lambda"": 1.0817130716689736}",2026,0.8539325842696629,0.9215686274509803,0.6811594202898551,0.7833333333333333,0.8677702433187076,5,0.94109396914446,178
2026-09-11T01:15:51,Finalist_LightGBM,E10_Group,LightGBM,"{""learning_rate"": 0.0241382790774509, ""max_depth"": 4, ""min_child_samples"": 17, ""n_estimators"": 480, ""num_leaves"": 16, ""reg_lambda"": 1.0817130716689736}",3407,0.8770949720670391,0.8615384615384616,0.8115942028985508,0.835820895522388,0.9111989459815547,1,0.9353932584269663,179
2026-09-11T01:15:51,Finalist_LightGBM,E10_Group,LightGBM,"{""learning_rate"": 0.0241382790774509, ""max_depth"": 4, ""min_child_samples"": 17, ""n_estimators"": 480, ""num_leaves"": 16, ""reg_lambda"": 1.0817130716689736}",3407,0.8651685393258427,0.8793103448275862,0.75,0.8095238095238095,0.8878342245989304,2,0.9368863955119214,178
2026-09-11T01:15:51,Finalist_LightGBM,E10_Group,LightGBM,"{""learning_rate"": 0.0241382790774509, ""max_depth"": 4, ""min_child_samples"": 17, ""n_estimators"": 480, ""num_leaves"": 16, ""reg_lambda"": 1.0817130716689736}",3407,0.8258426966292135,0.8135593220338984,0.7058823529411765,0.7559055118110236,0.8872994652406417,3,0.9326788218793829,178
2026-09-11T01:15:51,Finalist_LightGBM,E10_Group,LightGBM,"{""learning_rate"": 0.0241382790774509, ""max_depth"": 4, ""min_child_samples"": 17, ""n_estimators"": 480, ""num_leaves"": 16, ""reg_lambda"": 1.0817130716689736}",3407,0.7921348314606742,0.7183098591549296,0.75,0.7338129496402878,0.8814171122994653,4,0.9326788218793829,178
2026-09-11T01:15:51,Finalist_LightGBM,E10_Group,LightGBM,"{""learning_rate"": 0.0241382790774509, ""max_depth"": 4, ""min_child_samples"": 17, ""n_estimators"": 480, ""num_leaves"": 16, ""reg_lambda"": 1.0817130716689736}",3407,0.797752808988764,0.7704918032786885,0.6811594202898551,0.7230769230769231,0.8810663475601649,5,0.94109396914446,178
2026-09-11T01:15:51,Finalist_LightGBM,E10_Group,LightGBM,"{""learning_rate"": 0.0241382790774509, ""max_depth"": 4, ""min_child_samples"": 17, ""n_estimators"": 480, ""num_leaves"": 16, ""reg_lambda"": 1.0817130716689736}",777,0.8268156424581006,0.8064516129032258,0.7246376811594203,0.7633587786259542,0.8664690382081687,1,0.9438202247191011,179
2026-09-11T01:15:51,Finalist_LightGBM,E10_Group,LightGBM,"{""learning_rate"": 0.0241382790774509, ""max_depth"": 4, ""min_child_samples"": 17, ""n_estimators"": 480, ""num_leaves"": 16, ""reg_lambda"": 1.0817130716689736}",777,0.898876404494382,0.9166666666666666,0.8088235294117647,0.859375,0.935427807486631,2,0.9312762973352033,178
2026-09-11T01:15:51,Finalist_LightGBM,E10_Group,LightGBM,"{""learning_rate"": 0.0241382790774509, ""max_depth"": 4, ""min_child_samples"": 17, ""n_estimators"": 480, ""num_leaves"": 16, ""reg_lambda"": 1.0817130716689736}",777,0.8202247191011236,0.75,0.7941176470588235,0.7714285714285715,0.8681818181818182,3,0.9396914446002805,178
2026-09-11T01:15:51,Finalist_LightGBM,E10_Group,LightGBM,"{""learning_rate"": 0.0241382790774509, ""max_depth"": 4, ""min_child_samples"": 17, ""n_estimators"": 480, ""num_leaves"": 16, ""reg_lambda"": 1.0817130716689736}",777,0.7808988764044944,0.7543859649122807,0.6323529411764706,0.688,0.854144385026738,4,0.9396914446002805,178
2026-09-11T01:15:51,Finalist_LightGBM,E10_Group,LightGBM,"{""learning_rate"": 0.0241382790774509, ""max_depth"": 4, ""min_child_samples"": 17, ""n_estimators"": 480, ""num_leaves"": 16, ""reg_lambda"": 1.0817130716689736}",777,0.8707865168539326,0.8833333333333333,0.7681159420289855,0.8217054263565892,0.9162345432788194,5,0.9326788218793829,178
2026-09-11T01:15:52,Finalist_LightGBM,E10_Group,LightGBM,"{""learning_rate"": 0.0241382790774509, ""max_depth"": 4, ""min_child_samples"": 17, ""n_estimators"": 480, ""num_leaves"": 16, ""reg_lambda"": 1.0817130716689736}",2025,0.8156424581005587,0.7571428571428571,0.7681159420289855,0.762589928057554,0.8745718050065876,1,0.9353932584269663,179
2026-09-11T01:15:52,Finalist_LightGBM,E10_Group,LightGBM,"{""learning_rate"": 0.0241382790774509, ""max_depth"": 4, ""min_child_samples"": 17, ""n_estimators"": 480, ""num_leaves"": 16, ""reg_lambda"": 1.0817130716689736}",2025,0.8707865168539326,0.8461538461538461,0.8088235294117647,0.8270676691729323,0.9106951871657754,2,0.9340813464235624,178
2026-09-11T01:15:52,Finalist_LightGBM,E10_Group,LightGBM,"{""learning_rate"": 0.0241382790774509, ""max_depth"": 4, ""min_child_samples"": 17, ""n_estimators"": 480, ""num_leaves"": 16, ""reg_lambda"": 1.0817130716689736}",2025,0.8932584269662921,0.9152542372881356,0.7941176470588235,0.8503937007874016,0.928475935828877,3,0.9312762973352033,178
2026-09-11T01:15:52,Finalist_LightGBM,E10_Group,LightGBM,"{""learning_rate"": 0.0241382790774509, ""max_depth"": 4, ""min_child_samples"": 17, ""n_estimators"": 480, ""num_leaves"": 16, ""reg_lambda"": 1.0817130716689736}",2025,0.848314606741573,0.8727272727272727,0.7058823529411765,0.7804878048780488,0.8740641711229947,4,0.9340813464235624,178
2026-09-11T01:15:52,Finalist_LightGBM,E10_Group,LightGBM,"{""learning_rate"": 0.0241382790774509, ""max_depth"": 4, ""min_child_samples"": 17, ""n_estimators"": 480, ""num_leaves"": 16, ""reg_lambda"": 1.0817130716689736}",2025,0.8089887640449438,0.7692307692307693,0.7246376811594203,0.746268656716418,0.8627842042281613,5,0.9438990182328191,178
2026-09-11T01:15:53,Finalist_XGBoost,E10_Group,XGBoost,"{""colsample_bytree"": 0.7939937660465151, ""learning_rate"": 0.05862822662504594, ""max_depth"": 4, ""min_child_weight"": 4, ""n_estimators"": 254, ""reg_lambda"": 0.751199500513433, ""subsample"": 0.9494973200659226}",42,0.8603351955307262,0.8142857142857143,0.8260869565217391,0.8201438848920863,0.9246376811594202,1,0.9311797752808989,179
2026-09-11T01:15:53,Finalist_XGBoost,E10_Group,XGBoost,"{""colsample_bytree"": 0.7939937660465151, ""learning_rate"": 0.05862822662504594, ""max_depth"": 4, ""min_child_weight"": 4, ""n_estimators"": 254, ""reg_lambda"": 0.751199500513433, ""subsample"": 0.9494973200659226}",42,0.8426966292134831,0.803030303030303,0.7794117647058824,0.7910447761194029,0.8989973262032087,2,0.9256661991584852,178
2026-09-11T01:15:53,Finalist_XGBoost,E10_Group,XGBoost,"{""colsample_bytree"": 0.7939937660465151, ""learning_rate"": 0.05862822662504594, ""max_depth"": 4, ""min_child_weight"": 4, ""n_estimators"": 254, ""reg_lambda"": 0.751199500513433, ""subsample"": 0.9494973200659226}",42,0.8202247191011236,0.8103448275862069,0.6911764705882353,0.746031746031746,0.8505347593582887,3,0.9424964936886395,178
2026-09-11T01:15:53,Finalist_XGBoost,E10_Group,XGBoost,"{""colsample_bytree"": 0.7939937660465151, ""learning_rate"": 0.05862822662504594, ""max_depth"": 4, ""min_child_weight"": 4, ""n_estimators"": 254, ""reg_lambda"": 0.751199500513433, ""subsample"": 0.9494973200659226}",42,0.8539325842696629,0.828125,0.7794117647058824,0.803030303030303,0.9002673796791444,4,0.9312762973352033,178
2026-09-11T01:15:53,Finalist_XGBoost,E10_Group,XGBoost,"{""colsample_bytree"": 0.7939937660465151, ""learning_rate"": 0.05862822662504594, ""max_depth"": 4, ""min_child_weight"": 4, ""n_estimators"": 254, ""reg_lambda"": 0.751199500513433, ""subsample"": 0.9494973200659226}",42,0.848314606741573,0.8387096774193549,0.7536231884057971,0.7938931297709924,0.9058635819704826,5,0.9340813464235624,178
2026-09-11T01:15:53,Finalist_XGBoost,E10_Group,XGBoost,"{""colsample_bytree"": 0.7939937660465151, ""learning_rate"": 0.05862822662504594, ""max_depth"": 4, ""min_child_weight"": 4, ""n_estimators"": 254, ""reg_lambda"": 0.751199500513433, ""subsample"": 0.9494973200659226}",2026,0.8603351955307262,0.8235294117647058,0.8115942028985508,0.8175182481751825,0.891699604743083,1,0.9283707865168539,179
2026-09-11T01:15:53,Finalist_XGBoost,E10_Group,XGBoost,"{""colsample_bytree"": 0.7939937660465151, ""learning_rate"": 0.05862822662504594, ""max_depth"": 4, ""min_child_weight"": 4, ""n_estimators"": 254, ""reg_lambda"": 0.751199500513433, ""subsample"": 0.9494973200659226}",2026,0.8820224719101124,0.8852459016393442,0.7941176470588235,0.8372093023255814,0.9145721925133691,2,0.9368863955119214,178
2026-09-11T01:15:53,Finalist_XGBoost,E10_Group,XGBoost,"{""colsample_bytree"": 0.7939937660465151, ""learning_rate"": 0.05862822662504594, ""max_depth"": 4, ""min_child_weight"": 4, ""n_estimators"": 254, ""reg_lambda"": 0.751199500513433, ""subsample"": 0.9494973200659226}",2026,0.8258426966292135,0.7681159420289855,0.7794117647058824,0.7737226277372263,0.9066844919786097,3,0.9256661991584852,178
2026-09-11T01:15:53,Finalist_XGBoost,E10_Group,XGBoost,"{""colsample_bytree"": 0.7939937660465151, ""learning_rate"": 0.05862822662504594, ""max_depth"": 4, ""min_child_weight"": 4, ""n_estimators"": 254, ""reg_lambda"": 0.751199500513433, ""subsample"": 0.9494973200659226}",2026,0.8258426966292135,0.7936507936507936,0.7352941176470589,0.7633587786259542,0.8704545454545456,4,0.9354838709677419,178
2026-09-11T01:15:53,Finalist_XGBoost,E10_Group,XGBoost,"{""colsample_bytree"": 0.7939937660465151, ""learning_rate"": 0.05862822662504594, ""max_depth"": 4, ""min_child_weight"": 4, ""n_estimators"": 254, ""reg_lambda"": 0.751199500513433, ""subsample"": 0.9494973200659226}",2026,0.8539325842696629,0.9215686274509803,0.6811594202898551,0.7833333333333333,0.8824624385055178,5,0.94109396914446,178
2026-09-11T01:15:54,Finalist_XGBoost,E10_Group,XGBoost,"{""colsample_bytree"": 0.7939937660465151, ""learning_rate"": 0.05862822662504594, ""max_depth"": 4, ""min_child_weight"": 4, ""n_estimators"": 254, ""reg_lambda"": 0.751199500513433, ""subsample"": 0.9494973200659226}",3407,0.888268156424581,0.8656716417910447,0.8405797101449275,0.8529411764705882,0.9181818181818182,1,0.9367977528089888,179
2026-09-11T01:15:54,Finalist_XGBoost,E10_Group,XGBoost,"{""colsample_bytree"": 0.7939937660465151, ""learning_rate"": 0.05862822662504594, ""max_depth"": 4, ""min_child_weight"": 4, ""n_estimators"": 254, ""reg_lambda"": 0.751199500513433, ""subsample"": 0.9494973200659226}",3407,0.8595505617977528,0.8909090909090909,0.7205882352941176,0.7967479674796748,0.8966577540106951,2,0.938288920056101,178
2026-09-11T01:15:54,Finalist_XGBoost,E10_Group,XGBoost,"{""colsample_bytree"": 0.7939937660465151, ""learning_rate"": 0.05862822662504594, ""max_depth"": 4, ""min_child_weight"": 4, ""n_estimators"": 254, ""reg_lambda"": 0.751199500513433, ""subsample"": 0.9494973200659226}",3407,0.8258426966292135,0.8032786885245902,0.7205882352941176,0.7596899224806202,0.882620320855615,3,0.9326788218793829,178
2026-09-11T01:15:54,Finalist_XGBoost,E10_Group,XGBoost,"{""colsample_bytree"": 0.7939937660465151, ""learning_rate"": 0.05862822662504594, ""max_depth"": 4, ""min_child_weight"": 4, ""n_estimators"": 254, ""reg_lambda"": 0.751199500513433, ""subsample"": 0.9494973200659226}",3407,0.8089887640449438,0.7428571428571429,0.7647058823529411,0.7536231884057971,0.8808823529411766,4,0.9270687237026648,178
2026-09-11T01:15:54,Finalist_XGBoost,E10_Group,XGBoost,"{""colsample_bytree"": 0.7939937660465151, ""learning_rate"": 0.05862822662504594, ""max_depth"": 4, ""min_child_weight"": 4, ""n_estimators"": 254, ""reg_lambda"": 0.751199500513433, ""subsample"": 0.9494973200659226}",3407,0.797752808988764,0.746268656716418,0.7246376811594203,0.7352941176470589,0.87481717856668,5,0.9284712482468443,178
2026-09-11T01:15:54,Finalist_XGBoost,E10_Group,XGBoost,"{""colsample_bytree"": 0.7939937660465151, ""learning_rate"": 0.05862822662504594, ""max_depth"": 4, ""min_child_weight"": 4, ""n_estimators"": 254, ""reg_lambda"": 0.751199500513433, ""subsample"": 0.9494973200659226}",777,0.8324022346368715,0.8,0.7536231884057971,0.7761194029850746,0.8645586297760212,1,0.9325842696629213,179
2026-09-11T01:15:54,Finalist_XGBoost,E10_Group,XGBoost,"{""colsample_bytree"": 0.7939937660465151, ""learning_rate"": 0.05862822662504594, ""max_depth"": 4, ""min_child_weight"": 4, ""n_estimators"": 254, ""reg_lambda"": 0.751199500513433, ""subsample"": 0.9494973200659226}",777,0.9044943820224719,0.9473684210526315,0.7941176470588235,0.864,0.9342245989304813,2,0.9270687237026648,178
2026-09-11T01:15:54,Finalist_XGBoost,E10_Group,XGBoost,"{""colsample_bytree"": 0.7939937660465151, ""learning_rate"": 0.05862822662504594, ""max_depth"": 4, ""min_child_weight"": 4, ""n_estimators"": 254, ""reg_lambda"": 0.751199500513433, ""subsample"": 0.9494973200659226}",777,0.8314606741573034,0.7794117647058824,0.7794117647058824,0.7794117647058824,0.8771390374331551,3,0.94109396914446,178
2026-09-11T01:15:54,Finalist_XGBoost,E10_Group,XGBoost,"{""colsample_bytree"": 0.7939937660465151, ""learning_rate"": 0.05862822662504594, ""max_depth"": 4, ""min_child_weight"": 4, ""n_estimators"": 254, ""reg_lambda"": 0.751199500513433, ""subsample"": 0.9494973200659226}",777,0.7752808988764045,0.7333333333333333,0.6470588235294118,0.6875,0.8613636363636364,4,0.9368863955119214,178
2026-09-11T01:15:54,Finalist_XGBoost,E10_Group,XGBoost,"{""colsample_bytree"": 0.7939937660465151, ""learning_rate"": 0.05862822662504594, ""max_depth"": 4, ""min_child_weight"": 4, ""n_estimators"": 254, ""reg_lambda"": 0.751199500513433, ""subsample"": 0.9494973200659226}",777,0.8651685393258427,0.8688524590163934,0.7681159420289855,0.8153846153846154,0.9155697380667465,5,0.9270687237026648,178
2026-09-11T01:15:55,Finalist_XGBoost,E10_Group,XGBoost,"{""colsample_bytree"": 0.7939937660465151, ""learning_rate"": 0.05862822662504594, ""max_depth"": 4, ""min_child_weight"": 4, ""n_estimators"": 254, ""reg_lambda"": 0.751199500513433, ""subsample"": 0.9494973200659226}",2025,0.8100558659217877,0.7536231884057971,0.7536231884057971,0.7536231884057971,0.8786561264822135,1,0.9325842696629213,179
2026-09-11T01:15:55,Finalist_XGBoost,E10_Group,XGBoost,"{""colsample_bytree"": 0.7939937660465151, ""learning_rate"": 0.05862822662504594, ""max_depth"": 4, ""min_child_weight"": 4, ""n_estimators"": 254, ""reg_lambda"": 0.751199500513433, ""subsample"": 0.9494973200659226}",2025,0.8539325842696629,0.8181818181818182,0.7941176470588235,0.8059701492537313,0.9112299465240642,2,0.9284712482468443,178
2026-09-11T01:15:55,Finalist_XGBoost,E10_Group,XGBoost,"{""colsample_bytree"": 0.7939937660465151, ""learning_rate"": 0.05862822662504594, ""max_depth"": 4, ""min_child_weight"": 4, ""n_estimators"": 254, ""reg_lambda"": 0.751199500513433, ""subsample"": 0.9494973200659226}",2025,0.898876404494382,0.9166666666666666,0.8088235294117647,0.859375,0.9227272727272727,3,0.9270687237026648,178
2026-09-11T01:15:55,Finalist_XGBoost,E10_Group,XGBoost,"{""colsample_bytree"": 0.7939937660465151, ""learning_rate"": 0.05862822662504594, ""max_depth"": 4, ""min_child_weight"": 4, ""n_estimators"": 254, ""reg_lambda"": 0.751199500513433, ""subsample"": 0.9494973200659226}",2025,0.8539325842696629,0.8888888888888888,0.7058823529411765,0.7868852459016393,0.8815508021390375,4,0.9396914446002805,178
2026-09-11T01:15:55,Finalist_XGBoost,E10_Group,XGBoost,"{""colsample_bytree"": 0.7939937660465151, ""learning_rate"": 0.05862822662504594, ""max_depth"": 4, ""min_child_weight"": 4, ""n_estimators"": 254, ""reg_lambda"": 0.751199500513433, ""subsample"": 0.9494973200659226}",2025,0.8202247191011236,0.7846153846153846,0.7391304347826086,0.7611940298507462,0.8598590612950405,5,0.9424964936886395,178
