PassengerId,Survived,Finalist_CatBoost_prob,Finalist_RandomForest_prob,Finalist_XGBoost_prob
1,0,0.05812115920874968,0.07271960352655527,0.06181321144104004
2,1,0.975969147423077,0.9924313967087247,0.9721394777297974
3,1,0.5141824236148647,0.5249133541791522,0.6214880645275116
4,1,0.9351849519173461,0.9681618955685993,0.9177061796188355
5,0,0.10328547714550754,0.06043242875327294,0.2369166910648346
6,0,0.05917747524787128,0.07679779862995094,0.06206424273550511
7,0,0.23150118465091435,0.3107757458557107,0.3246401399374008
8,0,0.04799352746862194,0.07046893796180077,0.03284357376396656
9,1,0.5691433639034059,0.6964877788796154,0.7707618236541748
10,1,0.8843219470143036,0.760225098618444,0.9304022192955017
11,1,0.9218335089943827,0.8802898437356719,0.958845603466034
12,1,0.6991835903626729,0.6450464301248147,0.7600730895996094
13,0,0.16555037964763303,0.11038482941270975,0.16100165843963624
14,0,0.007316377361173099,0.11210894566592286,0.004529048874974251
15,0,0.8044816616330225,0.7732986483044836,0.8562996029853821
16,1,0.7502671052439405,0.6713683968126642,0.731541383266449
17,0,0.02849836690487765,0.03211832947031719,0.06281907707452775
18,1,0.08244660065443477,0.07755241429960791,0.07505345195531846
19,0,0.8458661731481086,0.6763875802401371,0.7699951529502869
20,1,0.639286503975247,0.6792333583628487,0.7425343871116639
21,0,0.08588102173798369,0.06819643667400485,0.07753035575151443
22,1,0.16559371465619638,0.16394517665584074,0.16513662934303283
23,1,0.7229925695709439,0.43498629503799435,0.7403829216957092
24,1,0.3256747884337175,0.2275327888828059,0.385110068321228
25,0,0.020737940711109765,0.001233068092085282,0.016088392585515976
26,1,0.5208081609971991,0.6048672449588947,0.5134965181350708
27,0,0.25715826708979833,0.1299654766778166,0.27335281372070314
28,0,0.3215616655444949,0.481063620655563,0.472369110584259
29,1,0.8046127909429395,0.9068584167490783,0.7755267024040222
30,0,0.038341149508381175,0.028536424952119898,0.014084174111485482
31,0,0.4273500103456171,0.31267963734053034,0.5422385394573211
32,1,0.9889676053085669,0.998931599475201,0.9941113710403442
33,1,0.7471499435245191,0.8442720376651703,0.7537444591522217
34,0,0.061279923639220676,0.07455486762269671,0.10565727055072785
35,0,0.4244347741871299,0.33976930693752044,0.32758018672466277
36,0,0.28202119092955114,0.23064249751243265,0.22103749066591263
37,1,0.03221960593896912,0.02699397931576019,0.030998562276363373
38,0,0.08267775120032188,0.06457449977457771,0.09642519578337669
39,0,0.28905010212169063,0.466239370069364,0.27260309755802153
40,1,0.809359315893504,0.8047501823082067,0.9133651375770568
41,0,0.6769524308900389,0.48470142095611707,0.6305642247200012
42,0,0.9584756748422001,0.9707824650105937,0.9747003674507141
43,0,0.06530674732126648,0.12201079423907386,0.029846381582319736
44,1,0.9890991422270845,0.9496411179761151,0.9880646705627442
45,1,0.6746061096385455,0.7704777420531983,0.7611424088478088
46,0,0.08277647876310323,0.07032305533453923,0.13590710312128068
47,0,0.07097312526901614,0.04657779495805163,0.07120954692363739
48,1,0.8973712586588551,0.9684253186433629,0.9400755763053894
49,0,0.16508474892235142,0.18403184965640798,0.13085990995168686
50,0,0.7346580552358419,0.6090821184984195,0.45519679188728335
51,0,0.02459768091661354,0.022624887994593647,0.04167988747358322
52,0,0.11669474468834343,0.1125567565098887,0.24579706490039827
53,1,0.9884128222083467,0.9922742466998805,0.9848182082176209
54,1,0.9046940631266025,0.9601384735346302,0.9127410769462585
55,0,0.2951226557427832,0.3046222240813653,0.22149648070335387
56,1,0.24613397765368727,0.21556921542891921,0.2074880212545395
57,1,0.900855898226179,0.9787041406338703,0.9030210733413696
58,0,0.07803338486115605,0.06641359451399462,0.04235482886433602
59,1,0.9754862175480541,0.9877666107799346,0.9836289644241333
60,0,0.036749746113953284,0.07360460623608647,0.0657623402774334
61,0,0.2288750438316538,0.2119277153888472,0.3827004909515381
62,1,0.9698129993293623,0.9968478133093445,0.9746984839439392
63,0,0.3802020678695716,0.31394126624672203,0.25913452804088594
64,0,0.01162503625521091,0.01255007458120889,0.028861914575099946
65,0,0.1656081312858558,0.23093287726650136,0.24985412061214446
66,1,0.9516475263918263,0.8160860648493313,0.9097913503646851
67,1,0.9366605557599008,0.9538469240448819,0.9418341755867005
68,0,0.11252684423159465,0.11641044093155384,0.11168292909860611
69,1,0.06258803752779703,0.1296217832336491,0.10600551441311837
70,0,0.08937932433575548,0.10409487712472261,0.03492699600756168
71,0,0.0943682175893434,0.058195520986855,0.11255142390727997
72,0,0.024702157835907797,0.003743371113652906,0.011182025168091058
73,0,0.13488423058317425,0.10697765855071328,0.07598555162549019
74,0,0.10802016084050244,0.16697284402354895,0.05268046408891678
75,1,0.57672452827003,0.6665803869626993,0.6473248243331909
76,0,0.14373885657384067,0.1110864551302749,0.15275896489620208
77,0,0.059509906121533264,0.03585194649602148,0.029419178515672682
78,0,0.06910829727649362,0.05301426581140668,0.07728887796401977
79,1,0.9354982969257215,0.8949789877121894,0.8374635696411132
80,1,0.6131012291555645,0.6134975417779799,0.7421154499053955
81,0,0.07052427981674117,0.04819208003720945,0.04229685068130493
82,1,0.09532991965935314,0.07538534505232097,0.07365640327334404
83,1,0.765635610139571,0.7835550613857596,0.7168637871742248
84,0,0.2355293873241986,0.19165175262909845,0.13488775864243507
85,1,0.9008178849370216,0.9565228930944972,0.9150947093963623
86,1,0.4162916194282314,0.6371864516098149,0.8097233057022095
87,0,0.011288822526397457,0.04712634920067359,0.011597176361829043
88,0,0.08239906937115551,0.10484904832032968,0.12370056360960006
89,1,0.927179679147217,0.9243092420169468,0.9120351314544678
90,0,0.08277895853432496,0.05545159450849644,0.0877486065030098
91,0,0.07681408818311311,0.08033630596684663,0.11076680272817611
92,0,0.11026831435575817,0.06287236583022586,0.09482111409306526
93,0,0.2584478562783593,0.500549291166996,0.3977051228284836
94,0,0.24101732464211248,0.19898129116123311,0.2624459400773048
95,0,0.015525792738246202,0.03656139979773197,0.010218976065516472
96,0,0.09095589262815976,0.06483718827164711,0.127902652323246
97,0,0.08602529195626679,0.14484347872036696,0.07422812953591347
98,1,0.3155470514548083,0.25745910589023024,0.30632299184799194
99,1,0.9446117700411317,0.9712965752485564,0.9604107737541199
100,0,0.20877202379502907,0.2373997575334627,0.17310072481632233
101,0,0.4648976846765148,0.619548603885804,0.46693830490112304
102,0,0.08810587293360884,0.056980611353663925,0.06769236288964749
103,0,0.24371768963719997,0.2262308667760756,0.2412262499332428
104,0,0.12200278010047608,0.07814675549945577,0.08558294102549553
105,0,0.049206141323825406,0.05653169777485177,0.11714714094996452
106,0,0.07606223818795187,0.06010450832539205,0.06814054176211357
107,1,0.54891157959705,0.46785960239419894,0.3522790312767029
108,1,0.06661932609642406,0.04363415595082676,0.06334666535258293
109,0,0.038479714212333746,0.042783115101925055,0.054906226322054864
110,1,0.38754176849632865,0.5915908284738586,0.22285619676113128
111,0,0.25862177059208236,0.2579951542853152,0.10743136256933213
112,0,0.0643458241690906,0.052187490206644774,0.048050741851329806
113,0,0.09318002677395978,0.06647064922059046,0.0994412586092949
114,0,0.11271470260012857,0.21531550232653265,0.14871040135622024
115,0,0.7634768981069999,0.8092741574325292,0.802241039276123
116,0,0.1337809213962962,0.3930277770242812,0.23702569007873536
117,0,0.023436767095520773,0.051717889171173925,0.05722092315554619
118,0,0.04018062905019103,0.06317678022591494,0.02442564219236374
119,0,0.7539747303474759,0.4786279842980411,0.6087307453155517
120,0,0.034256735869195074,0.0332077939344934,0.02405591644346714
121,0,0.06096236442724856,0.05024421243039494,0.04970528371632099
122,0,0.0454958919449811,0.07267935165462794,0.11281038373708725
123,0,0.1790313190124878,0.1664447221036735,0.20424468517303468
124,1,0.9681180794860701,0.9637027515830946,0.9649824142456055
125,0,0.09149792971087564,0.09303991921870988,0.09557621031999589
126,1,0.8559138117943312,0.7401976561275381,0.8883212804794312
127,0,0.04840939947634225,0.05443053895157144,0.04318201057612896
128,1,0.1092822604802062,0.04190170152840262,0.06046246327459812
129,1,0.8782906790875107,0.8220651619861938,0.8772010803222656
130,0,0.020652186237582703,0.08688283791992706,0.011194509454071522
131,0,0.08104709878380505,0.10065170913053467,0.09538513794541359
132,0,0.06827030745902662,0.08908434554870635,0.12607608661055564
133,0,0.29614512969327655,0.3788577264986338,0.5763533234596252
134,1,0.8937327303024928,0.9628861349190773,0.9076764941215515
135,0,0.09029545805135555,0.047074227297604,0.07098797038197517
136,0,0.1235613685898023,0.18455587766622755,0.12762294597923757
137,1,0.9722259047930132,0.9658655681801948,0.9642981767654419
138,0,0.3914157326436589,0.471000224328174,0.4879422843456268
139,0,0.07568534160877118,0.08875607181584698,0.0354863241314888
140,0,0.28849076293194753,0.37311158464785554,0.28859280049800873
141,0,0.3784316430107491,0.256365823286117,0.24121934473514556
142,1,0.5524871572143537,0.5677249947820122,0.5522183537483215
143,1,0.6276710672888461,0.683419908398579,0.604903119802475
144,0,0.030143609819567808,0.07315333086691071,0.02346740458160639
145,0,0.06768386465447612,0.053391609090217326,0.09679961428046227
146,0,0.08442676352652242,0.045850093900322145,0.06263359189033509
147,1,0.09700998431168222,0.2243574025636296,0.11902884244918824
148,0,0.04903821052770997,0.10083210318749321,0.11615601219236851
149,0,0.20284552937914463,0.23877630864921548,0.21470592617988588
150,0,0.09689152284865139,0.10389019587455359,0.1991947814822197
151,0,0.15872431790337505,0.1905107576803792,0.27956158518791197
152,1,0.9429165132954545,0.9881861520547718,0.9164530038833618
153,0,0.025573609743385933,0.07654035320368342,0.16518213450908661
154,0,0.04618957477658793,0.05195792654691726,0.019790404848754405
155,0,0.08844576140411596,0.05342996928731868,0.0565399169921875
156,0,0.1743403736250647,0.17258393334716143,0.16056307554244995
157,1,0.8736188116597351,0.9344883878961966,0.9212008118629456
158,0,0.07249453476836679,0.08217596038300193,0.27586431205272677
159,0,0.062208962426144265,0.07306218391408793,0.046559546142816544
160,0,0.04260492014699787,0.05956756022566619,0.06060057058930397
161,0,0.06209917765860003,0.040031935548243684,0.06097993031144142
162,1,0.8828820373605328,0.9105500718553807,0.9324726343154908
163,0,0.10273088268863469,0.05986061944461009,0.10302888602018356
164,0,0.061978947522448924,0.058554632044869256,0.07739473134279251
165,0,0.03819094875789446,0.07998731119351635,0.047302787005901334
166,1,0.768988859788032,0.7385754047641783,0.6542638301849365
167,1,0.9879989009054043,0.9967936900339549,0.9648252367973328
168,0,0.007173662247082805,0.003212536262900081,0.010954554937779904
169,0,0.2434412506059637,0.16535992762053126,0.21277078092098237
170,0,0.8516750183661964,0.899499036206422,0.7866519451141357
171,0,0.08822098584486308,0.07355480297597546,0.08623261153697967
172,0,0.017337546510097755,0.01340389193011653,0.042840360477566716
173,1,0.9001226308988304,0.8280481394147005,0.8879503607749939
174,0,0.28509208995058233,0.30128514621112346,0.20243397057056428
175,0,0.18128247571959705,0.3072660611274854,0.2573326796293259
176,0,0.10348339476115391,0.11601756420028231,0.182979254424572
177,0,0.040766124335864316,0.050180595298894105,0.029995931684970854
178,0,0.9657978190791752,0.9986753891134157,0.9588720917701721
179,0,0.08269918295683552,0.09475412707050468,0.11081004068255425
180,0,0.0837605226806474,0.15718613891597671,0.03194478992372751
181,0,0.021469613584485982,0.018958095040033273,0.011971317976713181
182,0,0.31329665216645797,0.2930586012252253,0.32219175100326536
183,0,0.839692489438861,0.8132009901962081,0.8928044438362122
184,1,0.9564862085143533,0.9414402511116406,0.9167431712150573
185,1,0.7619804948180645,0.7494278843409565,0.8204779863357544
186,0,0.2746049765541948,0.29992725491764805,0.2754355877637863
187,1,0.7173794077334895,0.6610589661422661,0.6328207612037658
188,1,0.508903436946828,0.732124363008426,0.45134714245796204
189,0,0.015109710847740026,0.15979133942250584,0.024245410785079004
190,0,0.060771047380987084,0.04147793536821133,0.050418604537844657
191,1,0.895174320252163,0.9676583382532721,0.9599326372146606
192,0,0.07890775374835497,0.0685934930597937,0.12981443852186203
193,1,0.6217740785381657,0.3334722646997409,0.37088378667831423
194,1,0.9321415378202891,0.8950625937005509,0.914313018321991
195,1,0.9402711291738169,0.7815184259982083,0.9421922564506531
196,1,0.9403207311066268,0.9553041618118574,0.9708464503288269
197,0,0.05298333522726523,0.04286744844719926,0.041475674137473106
198,0,0.04685450581691787,0.08204458867699008,0.04053960535675287
199,1,0.7256243313513524,0.7030568649959525,0.7328708529472351
200,0,0.9111946400176466,0.9285000124251084,0.8428447127342225
201,0,0.15135146174711367,0.12797518316348547,0.14492878168821335
202,0,0.012642469402515604,0.08273985324557724,0.02596408762037754
203,0,0.03851525693907289,0.058882703593762284,0.06180285215377808
204,0,0.10256957040849887,0.08968764917715928,0.07099515199661255
205,1,0.05086974760046965,0.05232149886678568,0.07138682454824448
206,0,0.7456581817952357,0.516303392803947,0.45557799339294436
207,0,0.13876507546136116,0.08479825891162229,0.24013533890247346
208,1,0.06479682417752455,0.0645383965651328,0.03066581003367901
209,1,0.7447401569959057,0.6543012441573377,0.8082632541656494
210,1,0.17602671158561398,0.2298768487647001,0.16198793798685074
211,0,0.018593066083209597,0.07592368160490102,0.04006691761314869
212,1,0.9249718241694109,0.9908192565665302,0.9492189407348632
213,0,0.065101429638693,0.06720397879369736,0.10856292992830277
214,0,0.1297595662529715,0.1261438866380175,0.14170909821987152
215,0,0.22719854943103365,0.10338061482987156,0.044022081047296525
216,1,0.9845087303829215,0.9988717267840738,0.9898286700248718
217,1,0.7820841393843553,0.5255303906879538,0.6386148929595947
218,0,0.07226813618048014,0.09961449029740709,0.04190629608929157
219,1,0.9858196012763439,0.9974174008720913,0.9901672840118408
220,0,0.042378134964416475,0.04597778330460959,0.07623408511281013
221,1,0.0597573710560733,0.06880733326996216,0.08561782240867614
222,0,0.08095075433627905,0.078566126900043,0.09969651773571968
223,0,0.06762160974641225,0.08752048542691228,0.09718149304389953
224,0,0.061585474627200286,0.04077037323186068,0.028142257779836654
225,1,0.3186600868756208,0.30775085615956677,0.2641690820455551
226,0,0.10929645693987493,0.07377761601890438,0.07011226862668991
227,1,0.4642355034415685,0.42855996742812036,0.09005096442997455
228,0,0.11457692149342864,0.06901641337719244,0.08596553951501847
229,0,0.06326874811819133,0.060366698332443035,0.08361270129680634
230,0,0.01885556135969036,0.0012688232013385388,0.007680905237793923
231,1,0.9771144932175648,0.9982305920107896,0.9771827220916748
232,0,0.08900223621214448,0.09374709704819065,0.193201794475317
233,0,0.0375888861988667,0.0798218159656171,0.032327206805348396
234,1,0.6947831977683577,0.7445918890636343,0.6291486740112304
235,0,0.08499778936543853,0.10501796740153566,0.11592210829257965
236,0,0.7520040638587113,0.7789759240055403,0.7535354375839234
237,0,0.06240319813720985,0.07076808609724328,0.06294442303478717
238,1,0.977736091734403,0.9949300034393425,0.9890053749084473
239,0,0.08698266122965857,0.04784304308719676,0.1092565730214119
240,0,0.1632643707002198,0.3379969953175681,0.3339069873094559
241,0,0.033347213727461224,0.0493843665341074,0.015141184069216251
242,1,0.7896241063684423,0.7956869847300553,0.8121170163154602
243,0,0.0773148688632824,0.052588166283245696,0.13354649394750595
244,0,0.07502019579076576,0.0860078726953553,0.09890829101204872
245,0,0.08340758987032043,0.06493445659924577,0.09208504632115364
246,0,0.7459000092111066,0.6941751736737543,0.7876091063022613
247,0,0.5592125222727634,0.6454512756199366,0.49062474370002745
248,1,0.8487700096663486,0.7689693913313458,0.818718159198761
249,1,0.5321225677107779,0.578074115305528,0.5142854511737823
250,0,0.025302915168501118,0.1123555719239983,0.011748981662094593
251,0,0.07195712041720223,0.061121567577991476,0.04304008707404137
252,0,0.3359546152069803,0.37036240551960786,0.2535757154226303
253,0,0.11500163862423766,0.15940483580603995,0.10812384262681007
254,0,0.010785871584565317,0.051002921312980065,0.027966488525271414
255,0,0.5182518084169531,0.6263616216338653,0.39855005145072936
256,1,0.801374194737044,0.7142573006293294,0.6879554748535156
257,1,0.9617072699236614,0.9904493070019077,0.9745652914047241
258,1,0.9824750794478996,0.9994365174290758,0.9866053819656372
259,1,0.9927102421819818,0.9634120940819819,0.987030303478241
260,1,0.8766191147625074,0.8853256875470882,0.880476713180542
261,0,0.050863689269294535,0.08132411076735632,0.07045078873634339
262,1,0.5920082789281412,0.45319810970608077,0.6939552664756775
263,0,0.41548048021591494,0.4000605971305037,0.28716709911823274
264,0,0.04206968650562929,0.08273330489234003,0.04088668152689934
265,0,0.77413924564853,0.7906671556967144,0.8335593819618226
266,0,0.06964375160909611,0.04898639284229682,0.11628544926643372
267,0,0.008528116764597976,0.0757553481505414,0.020860914327204227
268,1,0.05497694623549302,0.04696568377449521,0.047581785917282106
269,1,0.945204728109775,0.9447262599221087,0.952880573272705
270,1,0.9795319492601804,0.9967063082675489,0.9844296455383301
271,0,0.19856474474884186,0.08759809509840746,0.1511472076177597
272,1,0.020017572757834327,0.07136629349283605,0.019021385163068772
273,1,0.8732256606174434,0.7450874581558842,0.8942285895347595
274,0,0.44048456513160145,0.5553662692505131,0.43043445944786074
275,1,0.7812122351817814,0.7489065551084619,0.7583215832710266
276,1,0.9538512249704322,0.9665214398185521,0.9764035224914551
277,0,0.2870091684515478,0.4282406160335226,0.27211660146713257
278,0,0.0471116018416626,0.11862575102702826,0.043905965983867645
279,0,0.021848634830489565,0.01651462215257011,0.06073278561234474
280,1,0.41367234075562764,0.6456068051887793,0.290447598695755
281,0,0.013184940523899142,0.05741434781980017,0.03631897456943989
282,0,0.10746920447552251,0.06857040967513905,0.08555627167224884
283,0,0.0816697565336017,0.14150326920048253,0.14509851187467576
284,1,0.04446563410279945,0.048348315202953976,0.07770926132798195
285,0,0.25434224630464036,0.1830729848948988,0.1294595368206501
286,0,0.1186057369638605,0.13703555157193106,0.13458260595798494
287,1,0.10080132319707262,0.09788945565572424,0.11675255596637726
288,0,0.06114088178579284,0.036209469909119496,0.03350381255149841
289,1,0.042356764345182096,0.028512579510865194,0.04100722372531891
290,1,0.4467423743728508,0.5726982786058155,0.5815179109573364
291,1,0.9218973600289972,0.9913337732011132,0.9469211339950562
292,1,0.9924860900989193,0.9987451214627961,0.9902475833892822
293,0,0.45150258087945605,0.4810636092607414,0.4643653094768524
294,0,0.28149700380677845,0.28900159686833266,0.14621711671352386
295,0,0.05490613897638487,0.037012051100492625,0.029507571831345558
296,0,0.18289766893749526,0.22439151644320549,0.20610592663288116
297,0,0.0664659585879173,0.05552468362630891,0.06311286203563213
298,0,0.8610802017537221,0.7519695663984786,0.82421715259552
299,1,0.3587740158944796,0.36891356545641185,0.38171555399894713
300,1,0.9730693889261819,0.940718919692834,0.9697688698768616
301,1,0.8655403299345743,0.8408037767225223,0.8055437326431274
302,1,0.06318897865957464,0.04943880491633053,0.045272653177380565
303,0,0.30954363728246115,0.271822030013778,0.20915426611900328
304,1,0.9426875444448395,0.9379392999185125,0.8519787788391113
305,0,0.09783638644937565,0.25418580968289045,0.21461280137300492
306,1,0.15110433336159967,0.36276798963258694,0.08932907730340958
307,1,0.9695352946155091,0.9916244123578302,0.9839382290840148
308,1,0.9352025800813024,0.9095424342936473,0.9541871905326843
309,0,0.10475422850953822,0.11829946521496626,0.03785440102219582
310,1,0.9934840373948711,0.9982128076696831,0.9893356561660767
311,1,0.98650699349705,0.9758932054595176,0.9871891856193542
312,1,0.9465058470729097,0.9169735797284908,0.9722687482833863
313,0,0.9325528286621161,0.9530079540141949,0.9122365474700928
314,0,0.0902222228832044,0.06526539933474378,0.11292947381734848
315,0,0.10096210844924809,0.12400572920015884,0.13080938905477524
316,1,0.4397940380482769,0.375404409154615,0.3065837800502777
317,1,0.6775003342057271,0.588083350346915,0.6267350614070892
318,0,0.12574757969798572,0.1168860543784096,0.26666795909404756
319,1,0.979714159078779,0.9828237652972348,0.9832734346389771
320,1,0.9913476435071109,0.942722863379607,0.9935250282287598
321,0,0.032502446552591824,0.04236393811917486,0.04107353873550892
322,0,0.08026471374502354,0.0803375822284568,0.06047677770256996
323,1,0.9390613797833538,0.974833258600207,0.9464136838912964
324,1,0.8919933923860779,0.8454024985857196,0.9308428764343262
325,0,0.009809094110584334,0.11789498204391669,0.024078349024057387
326,1,0.9757640289722499,0.9924900367401502,0.9715249419212342
327,0,0.009284281145082677,0.04017363939710793,0.009218363836407662
328,1,0.9640974933228283,0.9340300673433548,0.9596559524536132
329,1,0.6963730467953211,0.6819521278430268,0.6508842647075653
330,1,0.9888182698754797,0.9993144994614823,0.9893915057182312
331,1,0.8317980941244892,0.7578507395115023,0.8783421754837036
332,0,0.35130122752106574,0.3477654292056928,0.3032243371009827
333,0,0.2549628190674212,0.33570826264236353,0.21228208988904954
334,0,0.020225587698968588,0.09253837228760235,0.0427811786532402
335,1,0.9824175048228738,0.9984691925942688,0.9889144182205201
336,0,0.06085199941040733,0.03610551056286929,0.025185589864850044
337,0,0.4782981276566673,0.3381714566944732,0.30067683160305025
338,1,0.9869128225526913,0.9982471370559536,0.9953615427017212
339,1,0.03218719250555348,0.03084886312949194,0.022005589678883553
340,0,0.328415692384763,0.3689940743986839,0.3416963070631027
341,1,0.9456890360470525,0.9456835927791151,0.9531121253967285
342,1,0.9417829241980702,0.8886744957373341,0.933320951461792
343,0,0.10873843286964298,0.08548720680768289,0.07627521529793739
344,0,0.1462058279173954,0.20883473666405186,0.09274198561906814
345,0,0.10089879927155687,0.08690689161354088,0.16021528244018554
346,1,0.9222843503012929,0.877343421518068,0.856066107749939
347,1,0.8322721877069392,0.8765531555033972,0.8546879887580872
348,1,0.6542529700755976,0.6940617233253177,0.6745491683483124
349,1,0.9436835645823394,0.8692003438630694,0.9139298081398011
350,0,0.07337398153637856,0.07288033944141445,0.09833390638232231
351,0,0.0732632003986107,0.0633260382085035,0.05285242199897766
352,0,0.5111416988179623,0.4473685330031244,0.5132185697555542
353,0,0.09422256758075394,0.13552440874126453,0.09402051270008087
354,0,0.03221121668982616,0.049115928340728386,0.0169883256778121
355,0,0.09868036433955955,0.06188075912860286,0.09785661324858666
356,0,0.14324686648347046,0.15446404321485135,0.1489753469824791
357,1,0.9888764190662018,0.9990130943068877,0.9823481321334839
358,0,0.9365091009435605,0.9857408288180668,0.9503235578536987
359,1,0.661291496795912,0.8221777061849105,0.6550248146057129
360,1,0.8517281375077518,0.8786275618871737,0.844785213470459
361,0,0.0047216215283771715,0.05580760296017484,0.0062440488487482074
362,0,0.2846187635138381,0.27768791401179105,0.2031806655228138
363,0,0.17887021680503085,0.12193134816072897,0.11066410019993782
364,0,0.03637792610205126,0.0587146728735531,0.06572775989770889
365,0,0.16477946542780977,0.1759722692969094,0.22828482314944268
366,0,0.14759400293560382,0.24743060531650157,0.05016791932284832
367,1,0.9853382118073004,0.9793411916959386,0.9807727575302124
368,1,0.7296528592979357,0.6388178036833886,0.7315498948097229
369,1,0.6702166740528692,0.804613595150293,0.7320664405822754
370,1,0.9883814847002481,0.9970475029865054,0.9905644536018372
371,1,0.6134434295502157,0.5654470339046964,0.7065565884113312
372,0,0.07371449412801746,0.06935820629354081,0.05965047925710678
373,0,0.09659257068292258,0.08358600583059157,0.09833211153745651
374,0,0.2445892624852588,0.2124899545697784,0.18688553273677827
375,0,0.04200326355830026,0.01355953424314511,0.01845598854124546
376,1,0.9294784352706509,0.9731699573986609,0.9390972256660461
377,1,0.7639530009013871,0.7551222042517484,0.615272581577301
378,0,0.4255712297705475,0.3102793747898792,0.320528843998909
379,0,0.08613502696258056,0.29972187000141004,0.17688536792993545
380,0,0.12278871654997714,0.08059197943982077,0.16912703961133957
381,1,0.8900609080166768,0.9734484360168872,0.8996648788452148
382,1,0.9653797081764379,0.9278119326445025,0.9829067468643189
383,0,0.4392824450646926,0.49893285305608404,0.38525915145874023
384,1,0.9493537323509218,0.9733955277352055,0.9240256309509277
385,0,0.08101204690888462,0.05834468758218092,0.06059772595763206
386,0,0.11609930986302923,0.09176050973674256,0.06419555246829986
387,0,0.0527471593936112,0.10173931345014313,0.072778882086277
388,1,0.8980185140153623,0.8987503752278505,0.9528888821601867
389,0,0.10018718069883595,0.05035366159740412,0.051631711423397064
390,1,0.9208115967631763,0.940300874405543,0.9599479556083679
391,1,0.17338142760710415,0.2454355552544655,0.17998814284801484
392,1,0.06940581682052434,0.04679570551854943,0.0545150488615036
393,0,0.06761575784699872,0.074032966917616,0.17492977231740953
394,1,0.9770623762869105,0.999369289871719,0.9904755592346192
395,1,0.8557940634651835,0.8689499919115526,0.8974071383476258
396,0,0.07151966029767018,0.08108033226108673,0.06569290570914746
397,0,0.5586605362451077,0.5221963063174517,0.7037945747375488
398,0,0.035464963483562165,0.03704266795417947,0.025458141788840295
399,0,0.08601306435312975,0.15468529825200283,0.23107341825962066
400,1,0.8748018268399944,0.893280705329734,0.908277690410614
401,1,0.492338744351994,0.5376815955792605,0.11852106153964996
402,0,0.06283110082474445,0.0545300603690958,0.061841999739408494
403,0,0.10600283118141127,0.22563623767968188,0.09230970051139593
404,0,0.5101131900369463,0.36635431268595775,0.22791102528572083
405,0,0.5050655187673684,0.39667216635738,0.5182729423046112
406,0,0.08106002924028402,0.04990447794718813,0.06194284670054913
407,0,0.032180953152788815,0.050241864157849626,0.02693980894982815
408,1,0.9398080087686835,0.9209905611804045,0.9149696588516235
409,0,0.15031412544383488,0.1655701788072897,0.2765621095895767
410,0,0.017967072300136642,0.00245398773006135,0.009634453244507313
411,0,0.05504530525916369,0.04427240369196971,0.02563746552914381
412,0,0.023158371847382276,0.07784190913709957,0.033014177531003955
413,1,0.9640751510149782,0.9750218114787138,0.9623950123786926
414,0,0.07200374116027364,0.11108171148921171,0.06236186325550079
415,1,0.02404389389130817,0.14022751587583118,0.06606845855712891
416,0,0.6284852356578033,0.5325712341141969,0.5180748462677002
417,1,0.9625278883086551,0.9890059561489919,0.9864700078964234
418,1,0.8031044021867363,0.6586124614162202,0.7977840423583984
419,0,0.10656166807426096,0.06389384750433805,0.095614755153656
420,0,0.29101549082078576,0.3113871886937464,0.37309902161359787
421,0,0.08901793022880185,0.11110327691569262,0.08264817371964454
422,0,0.05327651407422925,0.07095703239685841,0.0538197822868824
423,0,0.08947252336253605,0.0941011713814319,0.18269198536872863
424,0,0.3616459060444948,0.6512863910257171,0.3802441507577896
425,0,0.0652743878590149,0.07900660814013968,0.08914559911936522
426,0,0.05986139323889709,0.061165609423270685,0.06260041669011115
427,1,0.9473500099783922,0.9594732994471364,0.9295338153839111
428,1,0.7463764520294305,0.5817786229714897,0.8288791537284851
429,0,0.03683689345600363,0.05764251259373102,0.03757327422499657
430,1,0.13540304378431295,0.1954502957075741,0.25672969222068787
431,1,0.5103126674337171,0.5556252810276329,0.7360930681228638
432,1,0.6878963542333159,0.6178231435395602,0.44274104535579684
433,1,0.8834349078930845,0.9361657441649467,0.8707996726036071
434,0,0.20858822582560604,0.19870254425345182,0.09835807532072068
435,0,0.4801346296861439,0.5781577582495269,0.6598250985145568
436,1,0.9712594266259194,0.8530819010489837,0.9852019786834717
437,0,0.025504023710471918,0.09589121071842295,0.07485847976058721
438,1,0.9349802853379353,0.9702737586084276,0.9448672413825989
439,0,0.0995026779301822,0.3367415965192413,0.17036991119384765
440,0,0.06955389812505051,0.10494611310837895,0.09144390970468522
441,1,0.9022638587304886,0.9325752990129015,0.9221467971801758
442,0,0.058157612541183866,0.08746075653857166,0.10516601353883744
443,0,0.13276317509348465,0.1702667611118459,0.14947385638952254
444,1,0.8859145290297448,0.9579221937363208,0.8915768265724182
445,1,0.07556534568118145,0.06337485735247893,0.054094546288251874
446,1,0.9506871845753215,0.7845692535955399,0.9282816171646118
447,1,0.9418701911564608,0.8883477604454241,0.9663979768753052
448,1,0.3126866126954742,0.4141187152654154,0.48860260248184206
449,1,0.9345219027261201,0.8715483627155598,0.928862988948822
450,1,0.20769938615628356,0.24489797999672028,0.1842770904302597
451,0,0.07749220404809723,0.07816603680526987,0.053169964253902434
452,0,0.072711285476983,0.0997000033140234,0.06887230798602104
453,0,0.7082037604234054,0.6719916738943879,0.8770771622657776
454,1,0.27177781529230166,0.3236457021761185,0.22192816734313964
455,0,0.03746700066279942,0.04189546498498971,0.03904595375061035
456,1,0.04069124075969944,0.03967929325226004,0.028537237644195558
457,0,0.2990064906122423,0.5028331313635115,0.4032933712005615
458,1,0.9816213148907087,0.9967413243820078,0.9803246140480042
459,1,0.8367455955220674,0.887050106675981,0.8543589115142822
460,0,0.1086667631942855,0.07453375868518487,0.1124271385371685
461,1,0.310686476092504,0.44023359773965043,0.16055469885468482
462,0,0.08581886200747191,0.0623762495842024,0.12271496132016183
463,0,0.5667316269276861,0.45416519314823667,0.2470032900571823
464,0,0.04656086495320718,0.07595540826736186,0.03782752603292465
465,0,0.05121820048025931,0.06624891205168429,0.05061001405119896
466,0,0.028661468009694935,0.07313872729978335,0.0256122387945652
467,0,0.049043751010211745,0.11205341442697862,0.05366624370217323
468,0,0.11043240679756709,0.24175052568172073,0.09856692925095559
469,0,0.07455104554037871,0.04231477486767206,0.05012825578451156
470,1,0.9411036173576791,0.8885906348012375,0.9228468060493469
471,0,0.058363769585391044,0.04343890976344466,0.024219535849988462
472,0,0.04870515752752265,0.05557895915223372,0.0667678102850914
473,1,0.9588688807235709,0.9869185932585779,0.9610207438468933
474,1,0.9322420805695248,0.7787427467530372,0.9658393859863281
475,0,0.5578384478276259,0.5544645044717117,0.4636162042617798
476,0,0.27071040031058835,0.22893051214649773,0.1883782133460045
477,0,0.09583175839552908,0.0437602434304639,0.06305381432175636
478,0,0.05656579027100515,0.07732940678938395,0.04320794735103846
479,0,0.0940667875519056,0.06172096255892998,0.06762284189462661
480,1,0.8021444143983893,0.8486085202973082,0.8248642563819886
481,0,0.012988002058690462,0.01854869139616295,0.042288164421916005
482,0,0.05223917739038939,0.059911359717321186,0.058945948630571364
483,0,0.05480017035746937,0.09700912054911631,0.10212893970310688
484,1,0.2987434652423543,0.32449369783473675,0.2649854853749275
485,1,0.49896274559039017,0.5298774782632117,0.452647340297699
486,0,0.015677281948870754,0.0006819606781308266,0.005809327820315957
487,1,0.9838699677385632,0.997597695725769,0.9903153300285339
488,0,0.2885687949573463,0.39253939555967554,0.42187528014183046
489,0,0.10713096543232423,0.12239794253023428,0.3001795172691345
490,1,0.8100374459269419,0.7391071962702733,0.7506243467330933
491,0,0.07599202984477768,0.1705552881502712,0.048089364916086196
492,0,0.04730617312802846,0.04807392910074225,0.05099744498729706
493,0,0.25833354926769997,0.3302175966180008,0.14534370899200438
494,0,0.03329566889434403,0.06664949868287152,0.0479314386844635
495,0,0.09498467474158356,0.09646760572663426,0.1307862550020218
496,0,0.09566288345154655,0.15865932719436676,0.07710669115185738
497,1,0.9588553080819351,0.9685732062808349,0.9516304969787598
498,0,0.12069845370473498,0.04827747177157825,0.0445303775370121
499,0,0.8378207001778509,0.7663921898393145,0.7976153686642646
500,0,0.06580829432539545,0.08214470292510541,0.060607431828975676
501,0,0.06002669262475709,0.05564153630127984,0.07562511935830116
502,0,0.5552263630270644,0.6767292163902832,0.5380586743354797
503,0,0.8949439785421015,0.9346760064796655,0.8069000959396362
504,0,0.4702283657344495,0.5185337015582746,0.394565623998642
505,1,0.9836263439643125,0.9990490807100073,0.9893192648887634
506,0,0.6939509979662608,0.4633226252910097,0.671221399307251
507,1,0.9797697145942255,0.974208923023496,0.9921204805374145
508,1,0.6707327129142648,0.7737763429382509,0.661277961730957
509,0,0.17686234715010013,0.24575721224049044,0.06955431401729584
510,1,0.5354450732209977,0.6251515632488646,0.5134180188179016
511,1,0.06187503237323035,0.06871164841426246,0.1199950248003006
512,0,0.06068717951375019,0.07506622197303618,0.12066417187452316
513,1,0.6555821484496198,0.6672426345402565,0.5625889122486114
514,1,0.9514635413820148,0.9773996044717771,0.9713678002357483
515,0,0.04481521986876351,0.02903358356003406,0.019938346557319166
516,0,0.2180655651570927,0.2875996451296964,0.33127695322036743
517,1,0.9390775471456048,0.9395163046243397,0.9506430149078369
518,0,0.1428079553709562,0.11960248345057842,0.1980442650616169
519,1,0.9132400166117375,0.9344883822404746,0.9415709733963012
520,0,0.07275600331429181,0.06847514719448103,0.0815105341374874
521,1,0.9782351454858906,0.9969878421647316,0.989482307434082
522,0,0.049153598588767965,0.03547105284553176,0.029882552474737166
523,0,0.10382187602609579,0.07207944039886036,0.0971412293612957
524,1,0.9879772356041021,0.9879334395588864,0.9865613460540772
525,0,0.08998607676651176,0.08444170672616616,0.0593374565243721
526,0,0.047343810916584,0.054749500816494504,0.08161640614271164
527,1,0.5797482760942245,0.786165475376001,0.9159336447715759
528,0,0.4057695042870626,0.41693877966364157,0.42575072646141054
529,0,0.07392711026959373,0.06491449582392635,0.2017890341579914
530,0,0.06494908059073987,0.046990993651076396,0.04201800934970379
531,1,0.9911443875768289,0.9652980116438762,0.9919706463813782
532,0,0.1056687083417343,0.09490477298961693,0.12113398313522339
533,0,0.0607673742708635,0.12286054064888659,0.0668437771499157
534,1,0.921987158588947,0.8576369158488457,0.9357467651367187
535,0,0.38340649237313895,0.19436009792767592,0.4712584614753723
536,1,0.9650441386607815,0.9802484516089578,0.9789286136627198
537,0,0.7385872189656579,0.6069306926063208,0.7234802722930909
538,1,0.9207142054270605,0.9918954113701034,0.9450941801071167
539,0,0.06143650686491958,0.04242688951428238,0.032437112927436826
540,1,0.9821032236614867,0.985040665545983,0.9868230223655701
541,1,0.8254487508193714,0.8894204245615558,0.7643797695636749
542,0,0.009874773305398168,0.01852476734962632,0.010478688031435012
543,0,0.015222534327982231,0.01669750883886005,0.014207105338573455
544,1,0.06850881432938719,0.06530422424173846,0.06935658808797598
545,0,0.13287223003871346,0.21418589595171347,0.09796709939837456
546,0,0.14517487404553217,0.3607577075536089,0.29233928620815275
547,1,0.9382550879759874,0.9762325763273674,0.9474243521690369
548,1,0.0757960398209607,0.10317376904102485,0.15230192989110947
549,0,0.17928682765672768,0.12244469415450081,0.1316443845629692
550,1,0.6682328173568972,0.7310970394675206,0.6051240861415863
551,1,0.19188556558102574,0.31333954619057747,0.5411274611949921
552,0,0.11936886200427015,0.07051508490931084,0.09625051096081734
553,0,0.08744916755008612,0.07981975317517893,0.10484178960323334
554,1,0.24550307066505522,0.13962991117958296,0.3039379775524139
555,1,0.30644182522680175,0.3235425809704715,0.28201968371868136
556,0,0.09330047599532768,0.19704214844512355,0.21860975176095962
557,1,0.9844836013125686,0.8584761942212239,0.9661998510360718
558,0,0.12343788563859208,0.19588548406981615,0.19216872453689576
559,1,0.9806239199024709,0.9898464118221177,0.9746378183364868
560,1,0.37192019012289734,0.3535988978902667,0.3748399496078491
561,0,0.1178677912358738,0.11511975332980975,0.16490796208381653
562,0,0.06126531995023534,0.044846300501539205,0.05728318616747856
563,0,0.08844517948253047,0.06098292587446909,0.09517612382769584
564,0,0.04871702680590588,0.07257032769545599,0.08589355498552323
565,0,0.8353274064617207,0.5030296412072788,0.7549590826034546
566,0,0.06822053234440342,0.1134495298755372,0.09181820675730705
567,0,0.06674083506794963,0.03927441427126166,0.05253636166453361
568,0,0.028704130757648928,0.003067484662576687,0.024325469695031642
569,0,0.06510844362765726,0.05870101329203077,0.038482445478439334
570,1,0.0381382412534416,0.033854170811259396,0.04781302250921726
571,1,0.31710920146482413,0.43880894195262743,0.042269619181752205
572,1,0.9617802903411976,0.964647831706529,0.9720417499542237
573,1,0.8774128426478323,0.8917124475970667,0.8472632646560669
574,1,0.7062998581885147,0.8169990325070552,0.8327990412712097
575,0,0.4352466900631041,0.2871681051477728,0.42456731796264646
576,0,0.06849677845469802,0.054984088606747125,0.03295154646039009
577,1,0.887266020411628,0.8643895726239336,0.9477065205574036
578,1,0.9585511237589991,0.9586773155193148,0.957066023349762
579,0,0.774838698205744,0.7712899971990586,0.8284687161445617
580,1,0.6154734721210036,0.574637247612724,0.29959418475627897
581,1,0.8959991412048073,0.9067833790410503,0.85358966588974
582,1,0.971551693515465,0.9146081653349768,0.9805495738983154
583,0,0.030723373587067483,0.029497429312727363,0.016100710071623326
584,0,0.4830593948707789,0.4816085706638661,0.6434043645858765
585,0,0.09798788384729404,0.10027052565183862,0.06890657693147659
586,1,0.9803416075237731,0.9919005451829974,0.9689726948738098
587,0,0.05239162586629825,0.0668700931210007,0.04914756342768669
588,1,0.29035145547234464,0.2709069955968297,0.3897282749414444
589,0,0.11447817555751527,0.06036106108711041,0.14254785776138307
590,0,0.056799132592972056,0.05321011455591296,0.056857331097126006
591,0,0.14996236351873365,0.3306588406657141,0.06779505908489228
592,1,0.987155754494427,0.9907292930947513,0.9852562189102173
593,0,0.02272498792833489,0.05721280031752489,0.016962770000100137
594,0,0.48404526035084344,0.6091710071511597,0.46829714179039
595,0,0.06753900243426011,0.027995689945276615,0.02222410049289465
596,0,0.03052661821953333,0.06608174397404179,0.03072420796379447
597,1,0.8964993796942515,0.9235676166579294,0.8766818523406983
598,0,0.066186743760582,0.19543148931891902,0.03697765339165926
599,0,0.14052215497357046,0.08762698069084937,0.11563391834497452
600,1,0.8059372925604371,0.5949312000445258,0.7783151984214782
601,1,0.8776243658707417,0.8881676086595179,0.8981243133544922
602,0,0.06736022538221584,0.041178932896918756,0.03657688088715076
603,0,0.15176098039147895,0.05528623565534272,0.045236220210790636
604,0,0.058661945618194655,0.049351505291852005,0.04315636139363051
605,1,0.4492556669590805,0.5317556662437134,0.7312625408172607
606,0,0.11552156059984604,0.03888773355565068,0.04600449688732624
607,0,0.07958420278971291,0.07076629152723136,0.09204210080206394
608,1,0.45033835158177,0.4624180805175497,0.48327545523643495
609,1,0.9780448616275592,0.9881347382804477,0.9886297583580017
610,1,0.9363547711646658,0.984838947407235,0.9382629990577698
611,0,0.02830798179567528,0.02840780143330999,0.011907241120934487
612,0,0.058253044014751273,0.06732546484398223,0.06918025314807892
613,1,0.8046278184573946,0.8013494758012365,0.8211724400520325
614,0,0.036074474143949035,0.04539258075789952,0.03697813563048839
615,0,0.1089468520309708,0.06627532453640027,0.08578672707080841
616,1,0.9435801433432992,0.9888902259083208,0.9076087355613709
617,0,0.016523282396095993,0.06031664536828677,0.018061850406229495
618,0,0.42682077002299773,0.5997008593781654,0.5233058512210846
619,1,0.9841852004746402,0.9910034390872282,0.9862647414207458
620,0,0.07125920795177813,0.04413680541307717,0.049671785160899165
621,0,0.2543695238801122,0.1664785854535166,0.20892628878355027
622,1,0.4510624282452994,0.485648445744153,0.41931179761886594
623,1,0.27567367721105157,0.25488236824558863,0.2604555502533913
624,0,0.10633234310541347,0.07864594842159237,0.10098258852958679
625,0,0.15433194297222794,0.07357043160344101,0.11911563277244568
626,0,0.07273114766010189,0.16368158866317042,0.1824692815542221
627,0,0.055200517647976934,0.10825113273597939,0.1237474799156189
628,1,0.9805439844461066,0.9933033792036348,0.9826992988586426
629,0,0.0850435620707231,0.055647812044594416,0.06318814009428024
630,0,0.1478874509912919,0.09849718448096972,0.1463557243347168
631,1,0.15858832634559633,0.35544379268898163,0.41448554694652556
632,0,0.03286325165774626,0.04117585535722566,0.01067699734121561
633,1,0.6579136392487475,0.5440640388647728,0.8303447484970092
634,0,0.016410929715279937,0.0518369407701203,0.009945007413625718
635,0,0.008485197868891455,0.0018404907975460125,0.013120105117559433
636,1,0.8533463414255784,0.8490488248306189,0.8974668860435486
637,0,0.24075108743076618,0.35437398243865126,0.44647722840309145
638,0,0.11330700287740081,0.09393233643228718,0.09470537081360816
639,0,0.01233105532539874,0.0447828628426788,0.022168799862265588
640,0,0.17489531104506223,0.10392010516573731,0.09169354289770126
641,0,0.07538556026710114,0.059964933434014045,0.09194929748773575
642,1,0.9809332765451154,0.99692178990147,0.9738179326057435
643,0,0.01723226217513632,0.00736196319018405,0.019424323737621308
644,1,0.3680455143369299,0.5515427031180499,0.4777748674154282
645,1,0.908751403459007,0.7614823449284932,0.9076971769332886
646,1,0.3741993838602075,0.40989792129046554,0.19848161861300467
647,0,0.052011032165098794,0.03806377455375901,0.038581227883696556
648,1,0.55925127109661,0.4569612100870086,0.5859545111656189
649,0,0.08680050291704425,0.3669120677253924,0.12202333249151706
650,1,0.7430590645079822,0.6105644835314221,0.7091457366943359
651,0,0.05738314918341632,0.04050245593613381,0.028458881191909313
652,1,0.9217547366384554,0.9812496187821562,0.9158491015434265
653,0,0.1142385275586831,0.07101789760704177,0.08606498315930367
654,1,0.7739061236652123,0.8485336844878774,0.764339005947113
655,0,0.7458808696984851,0.6512870693046514,0.6309788823127747
656,0,0.043928592411952,0.044911075842406015,0.03378728665411472
657,0,0.07005200389751809,0.05277204731539405,0.044190467521548274
658,0,0.5595700193835584,0.5753538746573457,0.5291055217385292
659,0,0.06927473100796458,0.04307329585368281,0.049967060983181
660,0,0.24957994825093888,0.25720361079327,0.17700451761484146
661,1,0.3008199615786264,0.44712431904519034,0.38898550271987914
662,0,0.03542931201911248,0.07979794824735209,0.050383207947015764
663,0,0.3189475249124934,0.4018599423027183,0.16266727373003959
664,0,0.03925378648648943,0.037302282246922266,0.01707672718912363
665,1,0.10173910246339382,0.22939221518728323,0.09562196880578995
666,0,0.047457121298478004,0.07031626170846647,0.057869435846805574
667,0,0.0703826444931947,0.048138958371227114,0.06551282107830048
668,0,0.11990545063757332,0.09945364899857989,0.14677886962890624
669,0,0.0392258395667451,0.07055534337010941,0.13404209464788436
670,1,0.9732567312607205,0.9800274742039343,0.9846065402030945
671,1,0.8788216861838816,0.8385256972287548,0.9554708242416382
672,0,0.4594083275372037,0.4153591263029182,0.46035704016685486
673,0,0.041860944496069606,0.05382703933331161,0.044720558822155
674,1,0.07875514663009943,0.07654031875128317,0.1293643593788147
675,0,0.03840703542831554,0.05827575169416237,0.044205733388662335
676,0,0.10524966240417237,0.08621428121232545,0.08885767236351967
677,0,0.09019335756837835,0.06222511196068921,0.05752190575003624
678,1,0.27797416725405516,0.1856627327073473,0.3315860748291016
679,0,0.022402134975556577,0.01595092024539877,0.011096656508743762
680,1,0.6955865339861763,0.5002174132273971,0.5114673435688019
681,0,0.5849213707325573,0.6303319129568471,0.4970222294330597
682,1,0.33389709260554945,0.35639710829228155,0.28197252452373506
683,0,0.10144563629318777,0.07374827870820526,0.08231857642531396
684,0,0.02055897992759178,0.13861053245072077,0.02645387314260006
685,0,0.13806558911854866,0.10420353429392837,0.08741347901523114
686,0,0.4115016282458031,0.2862253964663671,0.4139846205711365
687,0,0.012052378177729316,0.05619969837474653,0.022578733786940575
688,0,0.06402064422278217,0.06136917203827293,0.05581029430031777
689,0,0.11936830065413746,0.10634844616995218,0.10924026146531104
690,1,0.9812818709221169,0.9990190237985642,0.9871168613433838
691,1,0.5228887639809026,0.5013033434739331,0.8180737257003784
692,1,0.7513788491451731,0.7858566675161796,0.6588679075241088
693,1,0.3940755270223962,0.530322847989511,0.5183284610509873
694,0,0.13380939895769323,0.13297367294124401,0.19467590749263763
695,0,0.23876505130816977,0.24268045834830496,0.40313414931297303
696,0,0.04122262581424101,0.05390048243055885,0.022041235864162446
697,0,0.04117053486208841,0.05606493921377857,0.08809952661395073
698,1,0.8808131469419163,0.9469966348953603,0.8766459345817565
699,0,0.6065074432656512,0.6093262652959155,0.6303788661956787
700,0,0.035512105540546304,0.10735541840144898,0.03213864155113697
701,1,0.9755973648213582,0.9642193143178371,0.9768210291862488
702,1,0.8599078839731981,0.8503760648642824,0.8611220717430115
703,0,0.10563565908521548,0.09980987282387985,0.06683021560311317
704,0,0.15259756788540754,0.07056420224966876,0.1961488574743271
705,0,0.11621964750092098,0.08382653781848033,0.07656914740800858
706,0,0.33856782050732637,0.6021087365436097,0.12399710267782212
707,1,0.80094291511595,0.8609153752700468,0.7572174549102784
708,1,0.6860559584053915,0.8066970175716971,0.7759505033493042
709,1,0.6982526392426676,0.6562070707899575,0.523656502366066
710,1,0.9864824722941641,0.9225809921767724,0.9565438628196716
711,1,0.9851749497665381,0.8578066588207232,0.9784087538719177
712,0,0.5760157193687006,0.5523626168799656,0.5858325481414794
713,1,0.20459963161830258,0.18019534123096773,0.10111106596887112
714,0,0.09967540103378178,0.10705547375570054,0.08157457262277604
715,0,0.026962570384637924,0.06460744825433336,0.01109159765765071
716,0,0.19614716872697657,0.19986734153201116,0.18244097530841827
717,1,0.9590653450147126,0.9735510662212932,0.9419934391975403
718,1,0.9537717545633386,0.9022782937166616,0.9110331892967224
719,0,0.0920754076543742,0.04331918043279652,0.06450663730502129
720,0,0.10345541597631285,0.07464746424114403,0.09371347278356552
721,1,0.9606869731934369,0.9546809422950548,0.9603793501853943
722,0,0.07013730158673148,0.06745819969080152,0.056278026476502416
723,0,0.10463328137914096,0.04899038854167741,0.09937632158398628
724,0,0.06820322183886816,0.09466435935192483,0.058755893260240555
725,1,0.4679000988838595,0.41693871055742227,0.46857895255088805
726,0,0.06479074415598779,0.05508732578708582,0.049843699857592585
727,1,0.9154477332248693,0.924403666980228,0.9359972357749939
728,1,0.8240285833298205,0.9584328740965475,0.882364284992218
729,0,0.083019950597678,0.04771231819789451,0.03417708948254585
730,0,0.8345037250629641,0.7342846726727759,0.7083535313606262
731,1,0.9896092197882707,0.9961409719519263,0.991756272315979
732,0,0.35632232895245197,0.3059030735802483,0.5363249629735947
733,0,0.03131637850312591,0.06350447762230688,0.037891860678792
734,0,0.07372810145123544,0.04957533569001174,0.04851830899715424
735,0,0.07184934300051027,0.046778446194276124,0.061953802779316905
736,0,0.08604988344068995,0.04886356226884422,0.06360296867787837
737,0,0.016887762412227156,0.06944890272190887,0.03705644486472011
738,1,0.48361879591961576,0.33920659900583994,0.4508603930473328
739,0,0.05775797490075094,0.04034379277729565,0.025366395898163318
740,0,0.06330908173620667,0.04093679830382758,0.03251940868794918
741,1,0.33619680204920077,0.4789336656856955,0.6312814593315125
742,0,0.5374003163118001,0.588900655733306,0.8098069310188294
743,1,0.9520995448766442,0.8984147455774467,0.9439233183860779
744,0,0.06198084194913912,0.039680200260759003,0.04725627470761538
745,1,0.6422605464403768,0.559555526707175,0.3064045339822769
746,0,0.7860540211865606,0.762077448756119,0.788650631904602
747,0,0.2939126120689485,0.16068381448953972,0.3515395998954773
748,1,0.869166806050971,0.6916352428150494,0.8988820314407349
749,0,0.3659114807355498,0.49761323242915073,0.5437950134277344
750,0,0.0939239666087045,0.11193969918541007,0.24134151935577391
751,1,0.9647578297432371,0.9712885205973281,0.9789750218391419
752,1,0.9850761302374265,0.7992831127802654,0.8734470486640931
753,0,0.16099744456399737,0.14519703427753625,0.2211798056960106
754,0,0.05673522167524958,0.040642139503157815,0.02654525004327297
755,1,0.9425331881963303,0.9810617846673795,0.9436112523078919
756,1,0.9309756624294728,0.8852237601198543,0.757674491405487
757,0,0.12217228905140705,0.1055796447701965,0.15080193132162095
758,0,0.0648054600262221,0.05508132295476724,0.07485823333263397
759,0,0.0982782727846888,0.06206172744991891,0.10735611468553544
760,1,0.9740778473759626,0.8214245372266576,0.987043809890747
761,0,0.04560990195043849,0.03000905781009048,0.015971983782947063
762,0,0.05909568232052944,0.18475271192610143,0.043280058354139325
763,1,0.09746194457085737,0.0524482041999376,0.09449524581432342
764,1,0.9663142160847711,0.7697935970633919,0.9797383785247803
765,0,0.13466363424804567,0.1391260256151084,0.2227851927280426
766,1,0.9884761121595185,0.995346832671701,0.9838042259216309
767,0,0.4178068698878672,0.4405800596272339,0.3333228528499603
768,0,0.3019200036623846,0.4106627344987289,0.5179936587810516
769,0,0.10995602004264424,0.09431790338678439,0.06816708967089653
770,0,0.15900048652828982,0.09872737492323717,0.2304179012775421
771,0,0.0879258996732946,0.10081528296034001,0.08357396572828293
772,0,0.05148025574472792,0.0674444046493163,0.07348986156284809
773,0,0.9450452165146267,0.90108521181943,0.9220848560333252
774,0,0.10134318768062087,0.09510917318200651,0.09071022160351276
775,1,0.8437584791058341,0.9278893069441969,0.8061338901519776
776,0,0.0914862846773123,0.1357572537895857,0.08970052227377892
777,0,0.060922589462099906,0.13352147023217167,0.12175666838884354
778,1,0.8794089000377985,0.8455618695368173,0.8547679781913757
779,0,0.13488557482276717,0.06912324862615767,0.16628459393978118
780,1,0.9852311218359908,0.9976204639730979,0.9912482500076294
781,1,0.6552378066444363,0.7333741691988076,0.8152659416198731
782,1,0.9869843893487029,0.9969860095826762,0.9934971332550049
783,0,0.5390089380962859,0.5653404698005436,0.760838794708252
784,0,0.013850936990230305,0.07046646795181075,0.010059230122715234
785,0,0.023203276897787378,0.035619794950281496,0.03421460408717394
786,0,0.07378594481263376,0.11060900011716286,0.0645363911986351
787,1,0.5583930409536884,0.5722511590125079,0.46701881289482117
788,0,0.03288730826487295,0.02504215803914379,0.054569818824529645
789,1,0.7727462230026212,0.6784800882053095,0.6648834824562073
790,0,0.08373777835662741,0.1215929247193884,0.12636129707098007
791,0,0.17073478775370401,0.09372364693787419,0.26042706370353697
792,0,0.05107832589136226,0.05677911198706805,0.04146103393286467
793,0,0.018292818334258925,0.007515337423312883,0.011679945141077041
794,0,0.21578027023603177,0.20687053255931326,0.2655023455619812
795,0,0.06712580117604522,0.04001250618168431,0.03983463048934936
796,0,0.09028542363603706,0.08823542339650885,0.10966202020645141
797,1,0.9089343785303493,0.8099325224257814,0.8476812362670898
798,1,0.3672269856136058,0.14661185374917624,0.3412305057048798
799,0,0.13983316801266452,0.16795995367523603,0.18918662518262863
800,0,0.340110130737659,0.2905394394510491,0.32951828129589555
801,0,0.05873104699880396,0.04750183721131579,0.02250944171100855
802,1,0.9701025194235445,0.9918172884637079,0.9818774223327636
803,1,0.9404744325468599,0.858373307116657,0.9473935604095459
804,1,0.8563991291409323,0.7074335591620885,0.8507524013519288
805,1,0.04033496909342442,0.04812192093441999,0.0314589586108923
806,0,0.08559015554619473,0.06866740116330433,0.16503682360053062
807,0,0.04072102219341099,0.07499185492464047,0.04902787357568741
808,0,0.7079733923027296,0.8119493309672036,0.6923734545707703
809,0,0.08709987824091177,0.09992635332097836,0.09563872292637825
810,1,0.9891839273779681,0.9933932430733743,0.9834695219993591
811,0,0.10587612188879938,0.05426917129123615,0.13605387657880783
812,0,0.039876063070249566,0.03458005029765609,0.10488125681877136
813,0,0.08488486761796521,0.04032007214245637,0.07879687026143074
814,0,0.025795206725121023,0.011697341513292433,0.027485089749097823
815,0,0.11065063833724591,0.08838861759952561,0.13419365137815475
816,0,0.025901839737093157,0.09854345945942229,0.019922589510679246
817,0,0.8282371533141015,0.7738765903010866,0.7549034237861634
818,0,0.23809521009612564,0.2168922599080795,0.36870413422584536
819,0,0.06720053569630516,0.26621198628679205,0.03787977751344442
820,0,0.01065873481659697,0.023000921340537737,0.020364829711616038
821,1,0.9806126836644926,0.9926258116391778,0.9864942193031311
822,1,0.05889775553488959,0.038543484171356515,0.03200610727071762
823,0,0.12161406883399946,0.1943027384231159,0.15669624656438827
824,1,0.9687236795604081,0.7549726181160378,0.8544870376586914
825,0,0.025763548437198365,0.020962710748316866,0.053766985237598416
826,0,0.036788204705461916,0.09891815312540607,0.014981899969279766
827,0,0.8337757011089085,0.9137969146356841,0.8186211466789246
828,1,0.8880484989855937,0.882135833679842,0.8250038146972656
829,1,0.11675109767238756,0.06961088617838986,0.07480600625276565
830,1,0.991469521271364,0.946411467737202,0.968436861038208
831,1,0.5435385948872568,0.4928781153319927,0.5787356615066528
832,1,0.9433533898067055,0.9640596122583339,0.9153863787651062
833,0,0.11492059282814218,0.1859015465017282,0.09071468971669674
834,0,0.08916622140552606,0.07095681678618482,0.1306454837322235
835,0,0.13218306706162716,0.1875918181271293,0.30266268253326417
836,1,0.9825355818053543,0.9912927528304685,0.943852162361145
837,0,0.06877273735524773,0.08821853083289431,0.0554081991314888
838,0,0.057049156377696655,0.04584543028917214,0.06413605101406575
839,1,0.5857379510675653,0.7053504762341286,0.7105751037597656
840,1,0.503459379891362,0.5012536521179086,0.49343740940093994
841,0,0.43165632976967705,0.42590074623757807,0.2977142930030823
842,0,0.11903593899714211,0.43445990880929947,0.2649278223514557
843,1,0.8551039219012893,0.9731986978786553,0.9298773646354676
844,0,0.10707937673131059,0.10958534400073754,0.1050424575805664
845,0,0.06416514525931413,0.05157253846417935,0.04794723205268383
846,0,0.03595098332567247,0.046858753967073494,0.012137710861861706
847,0,0.005991237471858732,0.0715476863624396,0.01815749742090702
848,0,0.07225057366563473,0.0908765511143659,0.0776509813964367
849,0,0.4459201945324279,0.48549629016715834,0.6589867472648621
850,1,0.9916302139357089,0.9974281220199307,0.9930854678153992
851,0,0.02295846285433261,0.05588874673496128,0.030465904995799063
852,0,0.02970653114667532,0.06311616517809995,0.03639591969549656
853,0,0.2574823790827431,0.21347879300632872,0.21946947649121284
854,1,0.947422605395537,0.9878504110626525,0.9201709032058716
855,0,0.9283381095324504,0.9398230057855445,0.9306187272071839
856,1,0.5884979479155872,0.6735267881443038,0.547596561908722
857,1,0.9685289646724733,0.9931752454404459,0.9829394817352295
858,1,0.16123388568301766,0.239782552474494,0.06044407412409782
859,1,0.8677180265667646,0.8414788861393999,0.8992224216461182
860,0,0.09446554913505698,0.1213493292638828,0.11763428524136543
861,0,0.04592239738021538,0.05033786148550207,0.016904717683792113
862,0,0.05888784461329405,0.04585755403138468,0.03534621112048626
863,1,0.9809546589718957,0.9464619683353538,0.9758505702018738
864,0,0.028262608334712457,0.022116564417177915,0.02411615140736103
865,0,0.07328192489143104,0.06393788644219948,0.08080437704920769
866,1,0.8784152701842839,0.8423315245120861,0.8855759143829346
867,1,0.9445890068728013,0.9186294444843501,0.9049828767776489
868,0,0.6008183989140748,0.5667539731652596,0.7661223769187927
869,0,0.12461718793776702,0.15733505870060918,0.10310522466897964
870,1,0.8859662435530156,0.7868426118318128,0.8789817810058593
871,0,0.0673467483130811,0.044344019798575676,0.04153689704835415
872,1,0.9871864714550698,0.9957621121752716,0.9819967985153198
873,0,0.1382355135705587,0.3052504416257743,0.3080171883106232
874,0,0.05825024005332271,0.07562869853879953,0.04004095643758774
875,1,0.9104207899358501,0.9217141517038409,0.8057910919189453
876,1,0.86456970309064,0.7202111917297792,0.9319685935974121
877,0,0.07703392732465456,0.06226669171702746,0.03565080836415291
878,0,0.07340817740959192,0.04379913003877421,0.05506255850195885
879,0,0.05321258394249508,0.03640820492248393,0.022158606722950936
880,1,0.983836473075435,0.9715158379395848,0.9868806600570679
881,1,0.9284105117608487,0.9607213996487587,0.9545164108276367
882,0,0.08964340617021857,0.055430735835509816,0.08741631209850312
883,0,0.4663496833666853,0.5337993462613604,0.4824185907840729
884,0,0.08829977792313443,0.042871351733728365,0.05268232300877571
885,0,0.054989720808433604,0.07267556068181129,0.08499499186873435
886,0,0.0225114578297403,0.04237311767986615,0.027861229330301284
887,0,0.11447962368814432,0.16196649837641525,0.39539405703544617
888,1,0.965657752860038,0.9622955800249338,0.9812835812568664
889,0,0.4693840362223602,0.7297680464073446,0.3806959331035614
890,1,0.46850537635465345,0.37412812682996166,0.36785038709640505
891,0,0.05999095077651247,0.11819769885497247,0.1487087607383728
