RuleId,Base,Keys,Reference,Support,LowCut,HighCut,LowTarget,MaleHigh,OOFAccuracy,FoldMean,FoldStd,PositivePredictions
R0291,female_master,FamilyID+TicketNormalized,female_master,1,0.0,1.0,female_master,none,0.8507295173961841,0.8482556022848534,0.022984662507536908,159
R0292,female_master,FamilyID+TicketNormalized,female_master,1,0.0,1.0,female_master,master,0.8507295173961841,0.8482556022848534,0.022984662507536908,159
R0297,female_master,FamilyID+TicketNormalized,female_master,1,0.25,1.0,female_master,none,0.8507295173961841,0.8482556022848534,0.022984662507536908,158
R0298,female_master,FamilyID+TicketNormalized,female_master,1,0.25,1.0,female_master,master,0.8507295173961841,0.8482556022848534,0.022984662507536908,158
R0315,female_master,FamilyID+TicketNormalized,female_child16,1,0.0,1.0,female_master,none,0.8507295173961841,0.8482556022848534,0.022984662507536908,159
R0316,female_master,FamilyID+TicketNormalized,female_child16,1,0.0,1.0,female_master,master,0.8507295173961841,0.8482556022848534,0.022984662507536908,159
R0321,female_master,FamilyID+TicketNormalized,female_child16,1,0.25,1.0,female_master,none,0.8507295173961841,0.8482556022848534,0.022984662507536908,158
R0322,female_master,FamilyID+TicketNormalized,female_child16,1,0.25,1.0,female_master,master,0.8507295173961841,0.8482556022848534,0.022984662507536908,158
R0345,female_master,UnionGroup,female_master,1,0.25,1.0,female_master,none,0.8507295173961841,0.8478061640826062,0.023143346329675355,158
R0346,female_master,UnionGroup,female_master,1,0.25,1.0,female_master,master,0.8507295173961841,0.8478061640826062,0.023143346329675355,158
R0369,female_master,UnionGroup,female_child16,1,0.25,1.0,female_master,none,0.8507295173961841,0.8478061640826062,0.023143346329675355,158
R0370,female_master,UnionGroup,female_child16,1,0.25,1.0,female_master,master,0.8507295173961841,0.8478061640826062,0.023143346329675355,158
R0293,female_master,FamilyID+TicketNormalized,female_master,1,0.0,1.0,female_master,young,0.8496071829405163,0.8475814449814827,0.023219019524670523,160
R0299,female_master,FamilyID+TicketNormalized,female_master,1,0.25,1.0,female_master,young,0.8496071829405163,0.8475814449814827,0.023219019524670523,159
R0317,female_master,FamilyID+TicketNormalized,female_child16,1,0.0,1.0,female_master,young,0.8496071829405163,0.8475814449814827,0.023219019524670523,160
R0323,female_master,FamilyID+TicketNormalized,female_child16,1,0.25,1.0,female_master,young,0.8496071829405163,0.8475814449814827,0.023219019524670523,159
R0347,female_master,UnionGroup,female_master,1,0.25,1.0,female_master,young,0.8496071829405163,0.8471320067792355,0.023363147312467095,159
R0371,female_master,UnionGroup,female_child16,1,0.25,1.0,female_master,young,0.8496071829405163,0.8471320067792355,0.023363147312467095,159
R0201,female_master,FamilyID,female_master,1,0.25,1.0,female_master,none,0.8496071829405163,0.8462356412026866,0.023976389390550794,159
R0202,female_master,FamilyID,female_master,1,0.25,1.0,female_master,master,0.8496071829405163,0.8462356412026866,0.023976389390550794,159
R0203,female_master,FamilyID,female_master,1,0.25,1.0,female_master,young,0.8496071829405163,0.8462356412026866,0.023976389390550794,159
R0225,female_master,FamilyID,female_child16,1,0.25,1.0,female_master,none,0.8496071829405163,0.8462356412026866,0.023976389390550794,159
R0226,female_master,FamilyID,female_child16,1,0.25,1.0,female_master,master,0.8496071829405163,0.8462356412026866,0.023976389390550794,159
R0227,female_master,FamilyID,female_child16,1,0.25,1.0,female_master,young,0.8496071829405163,0.8462356412026866,0.023976389390550794,159
R0484,female_child12,FamilyID+TicketNormalized,female_master,1,0.0,1.0,female_master,master,0.8496071829405163,0.8462343857887139,0.023450396283908072,155
R0490,female_child12,FamilyID+TicketNormalized,female_master,1,0.25,1.0,female_master,master,0.8496071829405163,0.8462343857887139,0.023450396283908072,154
R0508,female_child12,FamilyID+TicketNormalized,female_child16,1,0.0,1.0,female_master,master,0.8496071829405163,0.8462343857887139,0.023450396283908072,155
R0514,female_child12,FamilyID+TicketNormalized,female_child16,1,0.25,1.0,female_master,master,0.8496071829405163,0.8462343857887139,0.023450396283908072,154
R0538,female_child12,UnionGroup,female_master,1,0.25,1.0,female_master,master,0.8496071829405163,0.8457849475864667,0.023567435813119333,154
R0562,female_child12,UnionGroup,female_child16,1,0.25,1.0,female_master,master,0.8496071829405163,0.8457849475864667,0.023567435813119333,154
R0394,female_child12,FamilyID,female_master,1,0.25,1.0,female_master,master,0.8484848484848485,0.844214424706547,0.024151153155317913,155
R0418,female_child12,FamilyID,female_child16,1,0.25,1.0,female_master,master,0.8484848484848485,0.844214424706547,0.024151153155317913,155
R0243,female_master,TicketNormalized,female_master,1,0.0,1.0,female_master,none,0.8473625140291807,0.8457849475864666,0.023352179682495172,160
R0244,female_master,TicketNormalized,female_master,1,0.0,1.0,female_master,master,0.8473625140291807,0.8457849475864666,0.023352179682495172,160
R0249,female_master,TicketNormalized,female_master,1,0.25,1.0,female_master,none,0.8473625140291807,0.8457849475864666,0.023352179682495172,160
R0250,female_master,TicketNormalized,female_master,1,0.25,1.0,female_master,master,0.8473625140291807,0.8457849475864666,0.023352179682495172,160
R0267,female_master,TicketNormalized,female_child16,1,0.0,1.0,female_master,none,0.8473625140291807,0.8457849475864666,0.023352179682495172,160
R0268,female_master,TicketNormalized,female_child16,1,0.0,1.0,female_master,master,0.8473625140291807,0.8457849475864666,0.023352179682495172,160
R0273,female_master,TicketNormalized,female_child16,1,0.25,1.0,female_master,none,0.8473625140291807,0.8457849475864666,0.023352179682495172,160
R0274,female_master,TicketNormalized,female_child16,1,0.25,1.0,female_master,master,0.8473625140291807,0.8457849475864666,0.023352179682495172,160
R0485,female_child12,FamilyID+TicketNormalized,female_master,1,0.0,1.0,female_master,young,0.8473625140291807,0.8444378883936977,0.023799243833020345,155
R0491,female_child12,FamilyID+TicketNormalized,female_master,1,0.25,1.0,female_master,young,0.8473625140291807,0.8444378883936977,0.023799243833020345,154
R0509,female_child12,FamilyID+TicketNormalized,female_child16,1,0.0,1.0,female_master,young,0.8473625140291807,0.8444378883936977,0.023799243833020345,155
R0515,female_child12,FamilyID+TicketNormalized,female_child16,1,0.25,1.0,female_master,young,0.8473625140291807,0.8444378883936977,0.023799243833020345,154
R0539,female_child12,UnionGroup,female_master,1,0.25,1.0,female_master,young,0.8473625140291807,0.8439884501914505,0.024091323287017075,154
R0563,female_child12,UnionGroup,female_child16,1,0.25,1.0,female_master,young,0.8473625140291807,0.8439884501914505,0.024091323287017075,154
R0245,female_master,TicketNormalized,female_master,1,0.0,1.0,female_master,young,0.8462401795735129,0.8451107902830957,0.02367268540678515,161
R0251,female_master,TicketNormalized,female_master,1,0.25,1.0,female_master,young,0.8462401795735129,0.8451107902830957,0.02367268540678515,161
R0269,female_master,TicketNormalized,female_child16,1,0.0,1.0,female_master,young,0.8462401795735129,0.8451107902830957,0.02367268540678515,161
R0275,female_master,TicketNormalized,female_child16,1,0.25,1.0,female_master,young,0.8462401795735129,0.8451107902830957,0.02367268540678515,161
R0483,female_child12,FamilyID+TicketNormalized,female_master,1,0.0,1.0,female_master,none,0.8462401795735129,0.843763731090327,0.02370622175378123,153
R0489,female_child12,FamilyID+TicketNormalized,female_master,1,0.25,1.0,female_master,none,0.8462401795735129,0.843763731090327,0.02370622175378123,152
R0507,female_child12,FamilyID+TicketNormalized,female_child16,1,0.0,1.0,female_master,none,0.8462401795735129,0.843763731090327,0.02370622175378123,153
R0513,female_child12,FamilyID+TicketNormalized,female_child16,1,0.25,1.0,female_master,none,0.8462401795735129,0.843763731090327,0.02370622175378123,152
R0436,female_child12,TicketNormalized,female_master,1,0.0,1.0,female_master,master,0.8462401795735129,0.843763731090327,0.02407611858009674,156
R0442,female_child12,TicketNormalized,female_master,1,0.25,1.0,female_master,master,0.8462401795735129,0.843763731090327,0.02407611858009674,156
R0460,female_child12,TicketNormalized,female_child16,1,0.0,1.0,female_master,master,0.8462401795735129,0.843763731090327,0.02407611858009674,156
R0466,female_child12,TicketNormalized,female_child16,1,0.25,1.0,female_master,master,0.8462401795735129,0.843763731090327,0.02407611858009674,156
R0537,female_child12,UnionGroup,female_master,1,0.25,1.0,female_master,none,0.8462401795735129,0.8433142928880797,0.023986805048662633,152
R0561,female_child12,UnionGroup,female_child16,1,0.25,1.0,female_master,none,0.8462401795735129,0.8433142928880797,0.023986805048662633,152
R0395,female_child12,FamilyID,female_master,1,0.25,1.0,female_master,young,0.8462401795735129,0.842417927311531,0.024547976395632214,154
R0419,female_child12,FamilyID,female_child16,1,0.25,1.0,female_master,young,0.8462401795735129,0.842417927311531,0.024547976395632214,154
R0393,female_child12,FamilyID,female_master,1,0.25,1.0,female_master,none,0.8451178451178452,0.8417437700081603,0.02455677800660633,153
R0417,female_child12,FamilyID,female_child16,1,0.25,1.0,female_master,none,0.8451178451178452,0.8417437700081603,0.02455677800660633,153
R0339,female_master,UnionGroup,female_master,1,0.0,1.0,female_master,none,0.8439955106621774,0.8424191827255036,0.023279523307047037,159
R0340,female_master,UnionGroup,female_master,1,0.0,1.0,female_master,master,0.8439955106621774,0.8424191827255036,0.023279523307047037,159
R0363,female_master,UnionGroup,female_child16,1,0.0,1.0,female_master,none,0.8439955106621774,0.8424191827255036,0.023279523307047037,159
R0364,female_master,UnionGroup,female_child16,1,0.0,1.0,female_master,master,0.8439955106621774,0.8424191827255036,0.023279523307047037,159
R0437,female_child12,TicketNormalized,female_master,1,0.0,1.0,female_master,young,0.8439955106621774,0.841967233695311,0.02449207817704629,156
R0443,female_child12,TicketNormalized,female_master,1,0.25,1.0,female_master,young,0.8439955106621774,0.841967233695311,0.02449207817704629,156
R0461,female_child12,TicketNormalized,female_child16,1,0.0,1.0,female_master,young,0.8439955106621774,0.841967233695311,0.02449207817704629,156
R0467,female_child12,TicketNormalized,female_child16,1,0.25,1.0,female_master,young,0.8439955106621774,0.841967233695311,0.02449207817704629,156
R0341,female_master,UnionGroup,female_master,1,0.0,1.0,female_master,young,0.8428731762065096,0.8417450254221329,0.023504676852140097,160
R0365,female_master,UnionGroup,female_child16,1,0.0,1.0,female_master,young,0.8428731762065096,0.8417450254221329,0.023504676852140097,160
R0435,female_child12,TicketNormalized,female_master,1,0.0,1.0,female_master,none,0.8428731762065096,0.8412930763919401,0.024281406110600375,154
R0441,female_child12,TicketNormalized,female_master,1,0.25,1.0,female_master,none,0.8428731762065096,0.8412930763919401,0.024281406110600375,154
R0459,female_child12,TicketNormalized,female_child16,1,0.0,1.0,female_master,none,0.8428731762065096,0.8412930763919401,0.024281406110600375,154
R0465,female_child12,TicketNormalized,female_child16,1,0.25,1.0,female_master,none,0.8428731762065096,0.8412930763919401,0.024281406110600375,154
R0195,female_master,FamilyID,female_master,1,0.0,1.0,female_master,none,0.8428731762065096,0.8408486598455841,0.024069930539051602,160
R0196,female_master,FamilyID,female_master,1,0.0,1.0,female_master,master,0.8428731762065096,0.8408486598455841,0.024069930539051602,160
R0197,female_master,FamilyID,female_master,1,0.0,1.0,female_master,young,0.8428731762065096,0.8408486598455841,0.024069930539051602,160
R0219,female_master,FamilyID,female_child16,1,0.0,1.0,female_master,none,0.8428731762065096,0.8408486598455841,0.024069930539051602,160
R0220,female_master,FamilyID,female_child16,1,0.0,1.0,female_master,master,0.8428731762065096,0.8408486598455841,0.024069930539051602,160
R0221,female_master,FamilyID,female_child16,1,0.0,1.0,female_master,young,0.8428731762065096,0.8408486598455841,0.024069930539051602,160
R0532,female_child12,UnionGroup,female_master,1,0.0,1.0,female_master,master,0.8428731762065096,0.840397966229364,0.02382677871399016,155
R0556,female_child12,UnionGroup,female_child16,1,0.0,1.0,female_master,master,0.8428731762065096,0.840397966229364,0.02382677871399016,155
R0388,female_child12,FamilyID,female_master,1,0.0,1.0,female_master,master,0.8417508417508418,0.8388274433494445,0.024366824448232495,156
R0412,female_child12,FamilyID,female_child16,1,0.0,1.0,female_master,master,0.8417508417508418,0.8388274433494445,0.024366824448232495,156
R0533,female_child12,UnionGroup,female_master,1,0.0,1.0,female_master,young,0.8406285072951739,0.838601468834348,0.02436183802315906,155
R0557,female_child12,UnionGroup,female_child16,1,0.0,1.0,female_master,young,0.8406285072951739,0.838601468834348,0.02436183802315906,155
R0097,gender,FamilyID+TicketNormalized,female_master,1,0.0,1.0,female,master,0.8406285072951739,0.835909861276756,0.022364301033025537,151
R0100,gender,FamilyID+TicketNormalized,female_master,1,0.0,1.0,female_master,master,0.8406285072951739,0.835909861276756,0.022364301033025537,151
R0103,gender,FamilyID+TicketNormalized,female_master,1,0.25,1.0,female,master,0.8406285072951739,0.835909861276756,0.022364301033025537,150
R0106,gender,FamilyID+TicketNormalized,female_master,1,0.25,1.0,female_master,master,0.8406285072951739,0.835909861276756,0.022364301033025537,150
R0121,gender,FamilyID+TicketNormalized,female_child16,1,0.0,1.0,female,master,0.8406285072951739,0.835909861276756,0.022364301033025537,151
R0124,gender,FamilyID+TicketNormalized,female_child16,1,0.0,1.0,female_master,master,0.8406285072951739,0.835909861276756,0.022364301033025537,151
R0127,gender,FamilyID+TicketNormalized,female_child16,1,0.25,1.0,female,master,0.8406285072951739,0.835909861276756,0.022364301033025537,150
R0130,gender,FamilyID+TicketNormalized,female_child16,1,0.25,1.0,female_master,master,0.8406285072951739,0.835909861276756,0.022364301033025537,150
R0151,gender,UnionGroup,female_master,1,0.25,1.0,female,master,0.8406285072951739,0.8350109848722616,0.022747576913352822,150
R0154,gender,UnionGroup,female_master,1,0.25,1.0,female_master,master,0.8406285072951739,0.8350109848722616,0.022747576913352822,150
R0175,gender,UnionGroup,female_child16,1,0.25,1.0,female,master,0.8406285072951739,0.8350109848722616,0.022747576913352822,150
R0178,gender,UnionGroup,female_child16,1,0.25,1.0,female_master,master,0.8406285072951739,0.8350109848722616,0.022747576913352822,150
R0531,female_child12,UnionGroup,female_master,1,0.0,1.0,female_master,none,0.8395061728395061,0.8379273115309773,0.024264903999419784,153
R0555,female_child12,UnionGroup,female_child16,1,0.0,1.0,female_master,none,0.8395061728395061,0.8379273115309773,0.024264903999419784,153
R0389,female_child12,FamilyID,female_master,1,0.0,1.0,female_master,young,0.8395061728395061,0.8370309459544285,0.024776662833137713,155
R0413,female_child12,FamilyID,female_child16,1,0.0,1.0,female_master,young,0.8395061728395061,0.8370309459544285,0.024776662833137713,155
R0007,gender,FamilyID,female_master,1,0.25,1.0,female,master,0.8395061728395061,0.8329910237900948,0.022647336258253402,151
R0010,gender,FamilyID,female_master,1,0.25,1.0,female_master,master,0.8395061728395061,0.8329910237900948,0.022647336258253402,151
R0031,gender,FamilyID,female_child16,1,0.25,1.0,female,master,0.8395061728395061,0.8329910237900948,0.022647336258253402,151
R0034,gender,FamilyID,female_child16,1,0.25,1.0,female_master,master,0.8395061728395061,0.8329910237900948,0.022647336258253402,151
R0387,female_child12,FamilyID,female_master,1,0.0,1.0,female_master,none,0.8383838383838383,0.8363567886510578,0.024791665486684416,154
R0411,female_child12,FamilyID,female_child16,1,0.0,1.0,female_master,none,0.8383838383838383,0.8363567886510578,0.024791665486684416,154
R0255,female_master,TicketNormalized,female_master,2,0.0,1.0,female_master,none,0.8372615039281706,0.8363542778231121,0.023563959612577498,164
R0256,female_master,TicketNormalized,female_master,2,0.0,1.0,female_master,master,0.8372615039281706,0.8363542778231121,0.023563959612577498,164
R0257,female_master,TicketNormalized,female_master,2,0.0,1.0,female_master,young,0.8372615039281706,0.8363542778231121,0.023563959612577498,165
R0261,female_master,TicketNormalized,female_master,2,0.25,1.0,female_master,none,0.8372615039281706,0.8363542778231121,0.023563959612577498,164
R0262,female_master,TicketNormalized,female_master,2,0.25,1.0,female_master,master,0.8372615039281706,0.8363542778231121,0.023563959612577498,164
R0263,female_master,TicketNormalized,female_master,2,0.25,1.0,female_master,young,0.8372615039281706,0.8363542778231121,0.023563959612577498,165
R0098,gender,FamilyID+TicketNormalized,female_master,1,0.0,1.0,female,young,0.8372615039281706,0.8334392065783692,0.022731686338210617,151
R0101,gender,FamilyID+TicketNormalized,female_master,1,0.0,1.0,female_master,young,0.8372615039281706,0.8334392065783692,0.022731686338210617,151
R0104,gender,FamilyID+TicketNormalized,female_master,1,0.25,1.0,female,young,0.8372615039281706,0.8334392065783692,0.022731686338210617,150
R0107,gender,FamilyID+TicketNormalized,female_master,1,0.25,1.0,female_master,young,0.8372615039281706,0.8334392065783692,0.022731686338210617,150
R0122,gender,FamilyID+TicketNormalized,female_child16,1,0.0,1.0,female,young,0.8372615039281706,0.8334392065783692,0.022731686338210617,151
R0125,gender,FamilyID+TicketNormalized,female_child16,1,0.0,1.0,female_master,young,0.8372615039281706,0.8334392065783692,0.022731686338210617,151
R0128,gender,FamilyID+TicketNormalized,female_child16,1,0.25,1.0,female,young,0.8372615039281706,0.8334392065783692,0.022731686338210617,150
R0131,gender,FamilyID+TicketNormalized,female_child16,1,0.25,1.0,female_master,young,0.8372615039281706,0.8334392065783692,0.022731686338210617,150
R0049,gender,TicketNormalized,female_master,1,0.0,1.0,female,master,0.8372615039281706,0.8329897683761218,0.023955261781929076,152
R0052,gender,TicketNormalized,female_master,1,0.0,1.0,female_master,master,0.8372615039281706,0.8329897683761218,0.023955261781929076,152
R0055,gender,TicketNormalized,female_master,1,0.25,1.0,female,master,0.8372615039281706,0.8329897683761218,0.023955261781929076,152
R0058,gender,TicketNormalized,female_master,1,0.25,1.0,female_master,master,0.8372615039281706,0.8329897683761218,0.023955261781929076,152
R0073,gender,TicketNormalized,female_child16,1,0.0,1.0,female,master,0.8372615039281706,0.8329897683761218,0.023955261781929076,152
R0076,gender,TicketNormalized,female_child16,1,0.0,1.0,female_master,master,0.8372615039281706,0.8329897683761218,0.023955261781929076,152
R0079,gender,TicketNormalized,female_child16,1,0.25,1.0,female,master,0.8372615039281706,0.8329897683761218,0.023955261781929076,152
R0082,gender,TicketNormalized,female_child16,1,0.25,1.0,female_master,master,0.8372615039281706,0.8329897683761218,0.023955261781929076,152
R0152,gender,UnionGroup,female_master,1,0.25,1.0,female,young,0.8372615039281706,0.8325403301738747,0.023230969996317408,150
R0155,gender,UnionGroup,female_master,1,0.25,1.0,female_master,young,0.8372615039281706,0.8325403301738747,0.023230969996317408,150
R0176,gender,UnionGroup,female_child16,1,0.25,1.0,female,young,0.8372615039281706,0.8325403301738747,0.023230969996317408,150
R0179,gender,UnionGroup,female_child16,1,0.25,1.0,female_master,young,0.8372615039281706,0.8325403301738747,0.023230969996317408,150
R0008,gender,FamilyID,female_master,1,0.25,1.0,female,young,0.8372615039281706,0.8311945263950787,0.02296131756463815,150
R0011,gender,FamilyID,female_master,1,0.25,1.0,female_master,young,0.8372615039281706,0.8311945263950787,0.02296131756463815,150
R0032,gender,FamilyID,female_child16,1,0.25,1.0,female,young,0.8372615039281706,0.8311945263950787,0.02296131756463815,150
R0035,gender,FamilyID,female_child16,1,0.25,1.0,female_master,young,0.8372615039281706,0.8311945263950787,0.02296131756463815,150
R0357,female_master,UnionGroup,female_master,2,0.25,1.0,female_master,none,0.8361391694725028,0.8343330613269725,0.024123443641365788,163
R0358,female_master,UnionGroup,female_master,2,0.25,1.0,female_master,master,0.8361391694725028,0.8343330613269725,0.024123443641365788,163
R0359,female_master,UnionGroup,female_master,2,0.25,1.0,female_master,young,0.8361391694725028,0.8343330613269725,0.024123443641365788,164
R0303,female_master,FamilyID+TicketNormalized,female_master,2,0.0,1.0,female_master,none,0.835016835016835,0.8347824995292197,0.024274603029732198,164
R0304,female_master,FamilyID+TicketNormalized,female_master,2,0.0,1.0,female_master,master,0.835016835016835,0.8347824995292197,0.024274603029732198,164
R0305,female_master,FamilyID+TicketNormalized,female_master,2,0.0,1.0,female_master,young,0.835016835016835,0.8347824995292197,0.024274603029732198,165
R0309,female_master,FamilyID+TicketNormalized,female_master,2,0.25,1.0,female_master,none,0.835016835016835,0.8347824995292197,0.024274603029732198,163
R0310,female_master,FamilyID+TicketNormalized,female_master,2,0.25,1.0,female_master,master,0.835016835016835,0.8347824995292197,0.024274603029732198,163
R0311,female_master,FamilyID+TicketNormalized,female_master,2,0.25,1.0,female_master,young,0.835016835016835,0.8347824995292197,0.024274603029732198,164
R0213,female_master,FamilyID,female_master,2,0.25,1.0,female_master,none,0.835016835016835,0.8341083422258488,0.02438325648291548,164
R0214,female_master,FamilyID,female_master,2,0.25,1.0,female_master,master,0.835016835016835,0.8341083422258488,0.02438325648291548,164
R0215,female_master,FamilyID,female_master,2,0.25,1.0,female_master,young,0.835016835016835,0.8341083422258488,0.02438325648291548,164
R0481,female_child12,FamilyID+TicketNormalized,female_master,1,0.0,1.0,female,master,0.835016835016835,0.8316527524951353,0.02349139253759971,159
R0487,female_child12,FamilyID+TicketNormalized,female_master,1,0.25,1.0,female,master,0.835016835016835,0.8316527524951353,0.02349139253759971,158
R0505,female_child12,FamilyID+TicketNormalized,female_child16,1,0.0,1.0,female,master,0.835016835016835,0.8316527524951353,0.02349139253759971,159
R0511,female_child12,FamilyID+TicketNormalized,female_child16,1,0.25,1.0,female,master,0.835016835016835,0.8316527524951353,0.02349139253759971,158
R0535,female_child12,UnionGroup,female_master,1,0.25,1.0,female,master,0.835016835016835,0.830753876090641,0.0239077879298847,158
R0559,female_child12,UnionGroup,female_child16,1,0.25,1.0,female,master,0.835016835016835,0.830753876090641,0.0239077879298847,158
R0145,gender,UnionGroup,female_master,1,0.0,1.0,female,master,0.835016835016835,0.8305216245056806,0.02280354156311386,151
R0148,gender,UnionGroup,female_master,1,0.0,1.0,female_master,master,0.835016835016835,0.8305216245056806,0.02280354156311386,151
R0169,gender,UnionGroup,female_child16,1,0.0,1.0,female,master,0.835016835016835,0.8305216245056806,0.02280354156311386,151
R0172,gender,UnionGroup,female_child16,1,0.0,1.0,female_master,master,0.835016835016835,0.8305216245056806,0.02280354156311386,151
R0288,female_master,FamilyID+TicketNormalized,female_master,1,0.0,1.0,female,none,0.8338945005611672,0.8314292888079844,0.02430307172021938,165
R0289,female_master,FamilyID+TicketNormalized,female_master,1,0.0,1.0,female,master,0.8338945005611672,0.8314292888079844,0.02430307172021938,165
R0294,female_master,FamilyID+TicketNormalized,female_master,1,0.25,1.0,female,none,0.8338945005611672,0.8314292888079844,0.02430307172021938,164
R0295,female_master,FamilyID+TicketNormalized,female_master,1,0.25,1.0,female,master,0.8338945005611672,0.8314292888079844,0.02430307172021938,164
R0312,female_master,FamilyID+TicketNormalized,female_child16,1,0.0,1.0,female,none,0.8338945005611672,0.8314292888079844,0.02430307172021938,165
R0313,female_master,FamilyID+TicketNormalized,female_child16,1,0.0,1.0,female,master,0.8338945005611672,0.8314292888079844,0.02430307172021938,165
R0318,female_master,FamilyID+TicketNormalized,female_child16,1,0.25,1.0,female,none,0.8338945005611672,0.8314292888079844,0.02430307172021938,164
R0319,female_master,FamilyID+TicketNormalized,female_child16,1,0.25,1.0,female,master,0.8338945005611672,0.8314292888079844,0.02430307172021938,164
R0342,female_master,UnionGroup,female_master,1,0.25,1.0,female,none,0.8338945005611672,0.83053041240349,0.024697659057319372,164
R0343,female_master,UnionGroup,female_master,1,0.25,1.0,female,master,0.8338945005611672,0.83053041240349,0.024697659057319372,164
R0366,female_master,UnionGroup,female_child16,1,0.25,1.0,female,none,0.8338945005611672,0.83053041240349,0.024697659057319372,164
R0367,female_master,UnionGroup,female_child16,1,0.25,1.0,female,master,0.8338945005611672,0.83053041240349,0.024697659057319372,164
R0050,gender,TicketNormalized,female_master,1,0.0,1.0,female,young,0.8338945005611672,0.8305191136777351,0.02441647854731681,152
R0053,gender,TicketNormalized,female_master,1,0.0,1.0,female_master,young,0.8338945005611672,0.8305191136777351,0.02441647854731681,152
R0056,gender,TicketNormalized,female_master,1,0.25,1.0,female,young,0.8338945005611672,0.8305191136777351,0.02441647854731681,152
R0059,gender,TicketNormalized,female_master,1,0.25,1.0,female_master,young,0.8338945005611672,0.8305191136777351,0.02441647854731681,152
R0074,gender,TicketNormalized,female_child16,1,0.0,1.0,female,young,0.8338945005611672,0.8305191136777351,0.02441647854731681,152
R0077,gender,TicketNormalized,female_child16,1,0.0,1.0,female_master,young,0.8338945005611672,0.8305191136777351,0.02441647854731681,152
R0080,gender,TicketNormalized,female_child16,1,0.25,1.0,female,young,0.8338945005611672,0.8305191136777351,0.02441647854731681,152
R0083,gender,TicketNormalized,female_child16,1,0.25,1.0,female_master,young,0.8338945005611672,0.8305191136777351,0.02441647854731681,152
R0391,female_child12,FamilyID,female_master,1,0.25,1.0,female,master,0.8338945005611672,0.8296327914129684,0.024326394162149996,159
R0415,female_child12,FamilyID,female_child16,1,0.25,1.0,female,master,0.8338945005611672,0.8296327914129684,0.024326394162149996,159
R0001,gender,FamilyID,female_master,1,0.0,1.0,female,master,0.8338945005611672,0.8285016634235138,0.022913586165623227,152
R0004,gender,FamilyID,female_master,1,0.0,1.0,female_master,master,0.8338945005611672,0.8285016634235138,0.022913586165623227,152
R0025,gender,FamilyID,female_child16,1,0.0,1.0,female,master,0.8338945005611672,0.8285016634235138,0.022913586165623227,152
R0028,gender,FamilyID,female_child16,1,0.0,1.0,female_master,master,0.8338945005611672,0.8285016634235138,0.022913586165623227,152
R0279,female_master,TicketNormalized,female_child16,2,0.0,1.0,female_master,none,0.8327721661054994,0.8327612830330802,0.023902785461099255,164
R0280,female_master,TicketNormalized,female_child16,2,0.0,1.0,female_master,master,0.8327721661054994,0.8327612830330802,0.023902785461099255,164
R0281,female_master,TicketNormalized,female_child16,2,0.0,1.0,female_master,young,0.8327721661054994,0.8327612830330802,0.023902785461099255,165
R0285,female_master,TicketNormalized,female_child16,2,0.25,1.0,female_master,none,0.8327721661054994,0.8327612830330802,0.023902785461099255,164
R0286,female_master,TicketNormalized,female_child16,2,0.25,1.0,female_master,master,0.8327721661054994,0.8327612830330802,0.023902785461099255,164
R0287,female_master,TicketNormalized,female_child16,2,0.25,1.0,female_master,young,0.8327721661054994,0.8327612830330802,0.023902785461099255,165
R0447,female_child12,TicketNormalized,female_master,2,0.0,1.0,female_master,none,0.8327721661054994,0.8318624066285858,0.024662165747465537,157
R0448,female_child12,TicketNormalized,female_master,2,0.0,1.0,female_master,master,0.8327721661054994,0.8318624066285858,0.024662165747465537,159
R0449,female_child12,TicketNormalized,female_master,2,0.0,1.0,female_master,young,0.8327721661054994,0.8318624066285858,0.024662165747465537,159
R0453,female_child12,TicketNormalized,female_master,2,0.25,1.0,female_master,none,0.8327721661054994,0.8318624066285858,0.024662165747465537,157
R0454,female_child12,TicketNormalized,female_master,2,0.25,1.0,female_master,master,0.8327721661054994,0.8318624066285858,0.024662165747465537,159
R0455,female_child12,TicketNormalized,female_master,2,0.25,1.0,female_master,young,0.8327721661054994,0.8318624066285858,0.024662165747465537,159
R0290,female_master,FamilyID+TicketNormalized,female_master,1,0.0,1.0,female,young,0.8327721661054994,0.8307551315046137,0.024370676851992623,166
R0296,female_master,FamilyID+TicketNormalized,female_master,1,0.25,1.0,female,young,0.8327721661054994,0.8307551315046137,0.024370676851992623,165
R0314,female_master,FamilyID+TicketNormalized,female_child16,1,0.0,1.0,female,young,0.8327721661054994,0.8307551315046137,0.024370676851992623,166
R0320,female_master,FamilyID+TicketNormalized,female_child16,1,0.25,1.0,female,young,0.8327721661054994,0.8307551315046137,0.024370676851992623,165
R0482,female_child12,FamilyID+TicketNormalized,female_master,1,0.0,1.0,female,young,0.8327721661054994,0.8298562551001193,0.02400763055497501,159
R0488,female_child12,FamilyID+TicketNormalized,female_master,1,0.25,1.0,female,young,0.8327721661054994,0.8298562551001193,0.02400763055497501,158
R0506,female_child12,FamilyID+TicketNormalized,female_child16,1,0.0,1.0,female,young,0.8327721661054994,0.8298562551001193,0.02400763055497501,159
R0512,female_child12,FamilyID+TicketNormalized,female_child16,1,0.25,1.0,female,young,0.8327721661054994,0.8298562551001193,0.02400763055497501,158
R0344,female_master,UnionGroup,female_master,1,0.25,1.0,female,young,0.8327721661054994,0.8298562551001193,0.024739704725640455,165
R0368,female_master,UnionGroup,female_child16,1,0.25,1.0,female,young,0.8327721661054994,0.8298562551001193,0.024739704725640455,165
R0198,female_master,FamilyID,female_master,1,0.25,1.0,female,none,0.8327721661054994,0.8294093277258177,0.025293003990182632,165
R0199,female_master,FamilyID,female_master,1,0.25,1.0,female,master,0.8327721661054994,0.8294093277258177,0.025293003990182632,165
R0200,female_master,FamilyID,female_master,1,0.25,1.0,female,young,0.8327721661054994,0.8294093277258177,0.025293003990182632,165
R0222,female_master,FamilyID,female_child16,1,0.25,1.0,female,none,0.8327721661054994,0.8294093277258177,0.025293003990182632,165
R0223,female_master,FamilyID,female_child16,1,0.25,1.0,female,master,0.8327721661054994,0.8294093277258177,0.025293003990182632,165
R0224,female_master,FamilyID,female_child16,1,0.25,1.0,female,young,0.8327721661054994,0.8294093277258177,0.025293003990182632,165
R0536,female_child12,UnionGroup,female_master,1,0.25,1.0,female,young,0.8327721661054994,0.8289573786956248,0.02455551265709277,158
R0560,female_child12,UnionGroup,female_child16,1,0.25,1.0,female,young,0.8327721661054994,0.8289573786956248,0.02455551265709277,158
R0381,female_master,UnionGroup,female_child16,2,0.25,1.0,female_master,none,0.8316498316498316,0.8307400665369405,0.024672826952315204,163
R0382,female_master,UnionGroup,female_child16,2,0.25,1.0,female_master,master,0.8316498316498316,0.8307400665369405,0.024672826952315204,163
R0383,female_master,UnionGroup,female_child16,2,0.25,1.0,female_master,young,0.8316498316498316,0.8307400665369405,0.024672826952315204,164
R0549,female_child12,UnionGroup,female_master,2,0.25,1.0,female_master,none,0.8316498316498316,0.8298411901324463,0.025087234605254072,156
R0550,female_child12,UnionGroup,female_master,2,0.25,1.0,female_master,master,0.8316498316498316,0.8298411901324463,0.025087234605254072,158
R0551,female_child12,UnionGroup,female_master,2,0.25,1.0,female_master,young,0.8316498316498316,0.8298411901324463,0.025087234605254072,158
R0480,female_child12,FamilyID+TicketNormalized,female_master,1,0.0,1.0,female,none,0.8316498316498316,0.8291820977967483,0.02392668193218819,157
R0486,female_child12,FamilyID+TicketNormalized,female_master,1,0.25,1.0,female,none,0.8316498316498316,0.8291820977967483,0.02392668193218819,156
R0504,female_child12,FamilyID+TicketNormalized,female_child16,1,0.0,1.0,female,none,0.8316498316498316,0.8291820977967483,0.02392668193218819,157
R0510,female_child12,FamilyID+TicketNormalized,female_child16,1,0.25,1.0,female,none,0.8316498316498316,0.8291820977967483,0.02392668193218819,156
R0433,female_child12,TicketNormalized,female_master,1,0.0,1.0,female,master,0.8316498316498316,0.8287326595945014,0.02440256732938193,160
R0439,female_child12,TicketNormalized,female_master,1,0.25,1.0,female,master,0.8316498316498316,0.8287326595945014,0.02440256732938193,160
R0457,female_child12,TicketNormalized,female_child16,1,0.0,1.0,female,master,0.8316498316498316,0.8287326595945014,0.02440256732938193,160
R0463,female_child12,TicketNormalized,female_child16,1,0.25,1.0,female,master,0.8316498316498316,0.8287326595945014,0.02440256732938193,160
R0534,female_child12,UnionGroup,female_master,1,0.25,1.0,female,none,0.8316498316498316,0.8282832213922541,0.024451605613675747,156
R0558,female_child12,UnionGroup,female_child16,1,0.25,1.0,female,none,0.8316498316498316,0.8282832213922541,0.024451605613675747,156
R0146,gender,UnionGroup,female_master,1,0.0,1.0,female,young,0.8316498316498316,0.8280509698072939,0.023188756690260437,151
R0149,gender,UnionGroup,female_master,1,0.0,1.0,female_master,young,0.8316498316498316,0.8280509698072939,0.023188756690260437,151
R0170,gender,UnionGroup,female_child16,1,0.0,1.0,female,young,0.8316498316498316,0.8280509698072939,0.023188756690260437,151
R0173,gender,UnionGroup,female_child16,1,0.0,1.0,female_master,young,0.8316498316498316,0.8280509698072939,0.023188756690260437,151
R0392,female_child12,FamilyID,female_master,1,0.25,1.0,female,young,0.8316498316498316,0.8278362940179523,0.0248824492298995,158
R0416,female_child12,FamilyID,female_child16,1,0.25,1.0,female,young,0.8316498316498316,0.8278362940179523,0.0248824492298995,158
R0002,gender,FamilyID,female_master,1,0.0,1.0,female,young,0.8316498316498316,0.8267051660284979,0.023148371775871174,151
R0005,gender,FamilyID,female_master,1,0.0,1.0,female_master,young,0.8316498316498316,0.8267051660284979,0.023148371775871174,151
R0026,gender,FamilyID,female_child16,1,0.0,1.0,female,young,0.8316498316498316,0.8267051660284979,0.023148371775871174,151
R0029,gender,FamilyID,female_child16,1,0.0,1.0,female_master,young,0.8316498316498316,0.8267051660284979,0.023148371775871174,151
R0327,female_master,FamilyID+TicketNormalized,female_child16,2,0.0,1.0,female_master,none,0.8305274971941639,0.8311895047391877,0.024476404912203424,164
R0328,female_master,FamilyID+TicketNormalized,female_child16,2,0.0,1.0,female_master,master,0.8305274971941639,0.8311895047391877,0.024476404912203424,164
R0329,female_master,FamilyID+TicketNormalized,female_child16,2,0.0,1.0,female_master,young,0.8305274971941639,0.8311895047391877,0.024476404912203424,165
R0333,female_master,FamilyID+TicketNormalized,female_child16,2,0.25,1.0,female_master,none,0.8305274971941639,0.8311895047391877,0.024476404912203424,163
R0334,female_master,FamilyID+TicketNormalized,female_child16,2,0.25,1.0,female_master,master,0.8305274971941639,0.8311895047391877,0.024476404912203424,163
R0335,female_master,FamilyID+TicketNormalized,female_child16,2,0.25,1.0,female_master,young,0.8305274971941639,0.8311895047391877,0.024476404912203424,164
R0237,female_master,FamilyID,female_child16,2,0.25,1.0,female_master,none,0.8305274971941639,0.830515347435817,0.02489450188883611,164
R0238,female_master,FamilyID,female_child16,2,0.25,1.0,female_master,master,0.8305274971941639,0.830515347435817,0.02489450188883611,164
R0239,female_master,FamilyID,female_child16,2,0.25,1.0,female_master,young,0.8305274971941639,0.830515347435817,0.02489450188883611,164
R0495,female_child12,FamilyID+TicketNormalized,female_master,2,0.0,1.0,female_master,none,0.8305274971941639,0.8302906283346932,0.02511220940934545,157
R0496,female_child12,FamilyID+TicketNormalized,female_master,2,0.0,1.0,female_master,master,0.8305274971941639,0.8302906283346932,0.02511220940934545,159
R0497,female_child12,FamilyID+TicketNormalized,female_master,2,0.0,1.0,female_master,young,0.8305274971941639,0.8302906283346932,0.02511220940934545,159
R0501,female_child12,FamilyID+TicketNormalized,female_master,2,0.25,1.0,female_master,none,0.8305274971941639,0.8302906283346932,0.02511220940934545,156
R0502,female_child12,FamilyID+TicketNormalized,female_master,2,0.25,1.0,female_master,master,0.8305274971941639,0.8302906283346932,0.02511220940934545,158
R0503,female_child12,FamilyID+TicketNormalized,female_master,2,0.25,1.0,female_master,young,0.8305274971941639,0.8302906283346932,0.02511220940934545,158
R0405,female_child12,FamilyID,female_master,2,0.25,1.0,female_master,none,0.8305274971941639,0.8296164710313225,0.02529729600605867,157
R0406,female_child12,FamilyID,female_master,2,0.25,1.0,female_master,master,0.8305274971941639,0.8296164710313225,0.02529729600605867,159
R0407,female_child12,FamilyID,female_master,2,0.25,1.0,female_master,young,0.8305274971941639,0.8296164710313225,0.02529729600605867,158
R0240,female_master,TicketNormalized,female_master,1,0.0,1.0,female,none,0.8305274971941639,0.8285091959073505,0.024856073546958568,166
R0241,female_master,TicketNormalized,female_master,1,0.0,1.0,female,master,0.8305274971941639,0.8285091959073505,0.024856073546958568,166
R0246,female_master,TicketNormalized,female_master,1,0.25,1.0,female,none,0.8305274971941639,0.8285091959073505,0.024856073546958568,166
R0247,female_master,TicketNormalized,female_master,1,0.25,1.0,female,master,0.8305274971941639,0.8285091959073505,0.024856073546958568,166
R0264,female_master,TicketNormalized,female_child16,1,0.0,1.0,female,none,0.8305274971941639,0.8285091959073505,0.024856073546958568,166
R0265,female_master,TicketNormalized,female_child16,1,0.0,1.0,female,master,0.8305274971941639,0.8285091959073505,0.024856073546958568,166
R0270,female_master,TicketNormalized,female_child16,1,0.25,1.0,female,none,0.8305274971941639,0.8285091959073505,0.024856073546958568,166
R0271,female_master,TicketNormalized,female_child16,1,0.25,1.0,female,master,0.8305274971941639,0.8285091959073505,0.024856073546958568,166
R0390,female_child12,FamilyID,female_master,1,0.25,1.0,female,none,0.8305274971941639,0.8271621367145816,0.02490195416483999,157
R0414,female_child12,FamilyID,female_child16,1,0.25,1.0,female,none,0.8305274971941639,0.8271621367145816,0.02490195416483999,157
R0351,female_master,UnionGroup,female_master,2,0.0,1.0,female_master,none,0.8294051627384961,0.82894607996987,0.0240682607780117,164
R0352,female_master,UnionGroup,female_master,2,0.0,1.0,female_master,master,0.8294051627384961,0.82894607996987,0.0240682607780117,164
R0353,female_master,UnionGroup,female_master,2,0.0,1.0,female_master,young,0.8294051627384961,0.82894607996987,0.0240682607780117,165
R0242,female_master,TicketNormalized,female_master,1,0.0,1.0,female,young,0.8294051627384961,0.8278350386039797,0.0249950512023568,167
R0248,female_master,TicketNormalized,female_master,1,0.25,1.0,female,young,0.8294051627384961,0.8278350386039797,0.0249950512023568,167
R0266,female_master,TicketNormalized,female_child16,1,0.0,1.0,female,young,0.8294051627384961,0.8278350386039797,0.0249950512023568,167
R0272,female_master,TicketNormalized,female_child16,1,0.25,1.0,female,young,0.8294051627384961,0.8278350386039797,0.0249950512023568,167
R0434,female_child12,TicketNormalized,female_master,1,0.0,1.0,female,young,0.8294051627384961,0.8269361621994853,0.024942148084134946,160
R0440,female_child12,TicketNormalized,female_master,1,0.25,1.0,female,young,0.8294051627384961,0.8269361621994853,0.024942148084134946,160
R0458,female_child12,TicketNormalized,female_child16,1,0.0,1.0,female,young,0.8294051627384961,0.8269361621994853,0.024942148084134946,160
R0464,female_child12,TicketNormalized,female_child16,1,0.25,1.0,female,young,0.8294051627384961,0.8269361621994853,0.024942148084134946,160
R0529,female_child12,UnionGroup,female_master,1,0.0,1.0,female,master,0.8294051627384961,0.82626451572406,0.02400288166572193,159
R0553,female_child12,UnionGroup,female_child16,1,0.0,1.0,female,master,0.8294051627384961,0.82626451572406,0.02400288166572193,159
R0207,female_master,FamilyID,female_master,2,0.0,1.0,female_master,none,0.8282828282828283,0.8287213608687465,0.024278853458414996,165
R0208,female_master,FamilyID,female_master,2,0.0,1.0,female_master,master,0.8282828282828283,0.8287213608687465,0.024278853458414996,165
R0209,female_master,FamilyID,female_master,2,0.0,1.0,female_master,young,0.8282828282828283,0.8287213608687465,0.024278853458414996,165
R0471,female_child12,TicketNormalized,female_child16,2,0.0,1.0,female_master,none,0.8282828282828283,0.8282694118385536,0.02544529132858547,157
R0472,female_child12,TicketNormalized,female_child16,2,0.0,1.0,female_master,master,0.8282828282828283,0.8282694118385536,0.02544529132858547,159
R0473,female_child12,TicketNormalized,female_child16,2,0.0,1.0,female_master,young,0.8282828282828283,0.8282694118385536,0.02544529132858547,159
R0477,female_child12,TicketNormalized,female_child16,2,0.25,1.0,female_master,none,0.8282828282828283,0.8282694118385536,0.02544529132858547,157
R0478,female_child12,TicketNormalized,female_child16,2,0.25,1.0,female_master,master,0.8282828282828283,0.8282694118385536,0.02544529132858547,159
R0479,female_child12,TicketNormalized,female_child16,2,0.25,1.0,female_master,young,0.8282828282828283,0.8282694118385536,0.02544529132858547,159
R0432,female_child12,TicketNormalized,female_master,1,0.0,1.0,female,none,0.8282828282828283,0.8262620048961145,0.024733952309313422,158
R0438,female_child12,TicketNormalized,female_master,1,0.25,1.0,female,none,0.8282828282828283,0.8262620048961145,0.024733952309313422,158
R0456,female_child12,TicketNormalized,female_child16,1,0.0,1.0,female,none,0.8282828282828283,0.8262620048961145,0.024733952309313422,158
R0462,female_child12,TicketNormalized,female_child16,1,0.25,1.0,female,none,0.8282828282828283,0.8262620048961145,0.024733952309313422,158
R0336,female_master,UnionGroup,female_master,1,0.0,1.0,female,none,0.8282828282828283,0.8260410520369093,0.02454433161744294,165
R0337,female_master,UnionGroup,female_master,1,0.0,1.0,female,master,0.8282828282828283,0.8260410520369093,0.02454433161744294,165
R0360,female_master,UnionGroup,female_child16,1,0.0,1.0,female,none,0.8282828282828283,0.8260410520369093,0.02454433161744294,165
R0361,female_master,UnionGroup,female_child16,1,0.0,1.0,female,master,0.8282828282828283,0.8260410520369093,0.02454433161744294,165
R0385,female_child12,FamilyID,female_master,1,0.0,1.0,female,master,0.8282828282828283,0.8251434310463875,0.024471043180880562,160
R0409,female_child12,FamilyID,female_child16,1,0.0,1.0,female,master,0.8282828282828283,0.8251434310463875,0.024471043180880562,160
R0573,female_child12,UnionGroup,female_child16,2,0.25,1.0,female_master,none,0.8271604938271605,0.8262481953424141,0.026064049342049058,156
R0574,female_child12,UnionGroup,female_child16,2,0.25,1.0,female_master,master,0.8271604938271605,0.8262481953424141,0.026064049342049058,158
R0575,female_child12,UnionGroup,female_child16,2,0.25,1.0,female_master,young,0.8271604938271605,0.8262481953424141,0.026064049342049058,158
R0338,female_master,UnionGroup,female_master,1,0.0,1.0,female,young,0.8271604938271605,0.8253668947335384,0.024566229642154862,166
R0362,female_master,UnionGroup,female_child16,1,0.0,1.0,female,young,0.8271604938271605,0.8253668947335384,0.024566229642154862,166
R0192,female_master,FamilyID,female_master,1,0.0,1.0,female,none,0.8271604938271605,0.8249199673592368,0.025193022830790678,166
R0193,female_master,FamilyID,female_master,1,0.0,1.0,female,master,0.8271604938271605,0.8249199673592368,0.025193022830790678,166
R0194,female_master,FamilyID,female_master,1,0.0,1.0,female,young,0.8271604938271605,0.8249199673592368,0.025193022830790678,166
R0216,female_master,FamilyID,female_child16,1,0.0,1.0,female,none,0.8271604938271605,0.8249199673592368,0.025193022830790678,166
R0217,female_master,FamilyID,female_child16,1,0.0,1.0,female,master,0.8271604938271605,0.8249199673592368,0.025193022830790678,166
R0218,female_master,FamilyID,female_child16,1,0.0,1.0,female,young,0.8271604938271605,0.8249199673592368,0.025193022830790678,166
R0096,gender,FamilyID+TicketNormalized,female_master,1,0.0,1.0,female,none,0.8271604938271605,0.8246864603603038,0.023611446195127603,144
R0099,gender,FamilyID+TicketNormalized,female_master,1,0.0,1.0,female_master,none,0.8271604938271605,0.8246864603603038,0.023611446195127603,144
R0102,gender,FamilyID+TicketNormalized,female_master,1,0.25,1.0,female,none,0.8271604938271605,0.8246864603603038,0.023611446195127603,143
R0105,gender,FamilyID+TicketNormalized,female_master,1,0.25,1.0,female_master,none,0.8271604938271605,0.8246864603603038,0.023611446195127603,143
R0120,gender,FamilyID+TicketNormalized,female_child16,1,0.0,1.0,female,none,0.8271604938271605,0.8246864603603038,0.023611446195127603,144
R0123,gender,FamilyID+TicketNormalized,female_child16,1,0.0,1.0,female_master,none,0.8271604938271605,0.8246864603603038,0.023611446195127603,144
R0126,gender,FamilyID+TicketNormalized,female_child16,1,0.25,1.0,female,none,0.8271604938271605,0.8246864603603038,0.023611446195127603,143
R0129,gender,FamilyID+TicketNormalized,female_child16,1,0.25,1.0,female_master,none,0.8271604938271605,0.8246864603603038,0.023611446195127603,143
R0530,female_child12,UnionGroup,female_master,1,0.0,1.0,female,young,0.8271604938271605,0.824468018329044,0.024576892126664435,159
R0554,female_child12,UnionGroup,female_child16,1,0.0,1.0,female,young,0.8271604938271605,0.824468018329044,0.024576892126664435,159
R0150,gender,UnionGroup,female_master,1,0.25,1.0,female,none,0.8271604938271605,0.8237875839558093,0.024184974473429575,143
R0153,gender,UnionGroup,female_master,1,0.25,1.0,female_master,none,0.8271604938271605,0.8237875839558093,0.024184974473429575,143
R0174,gender,UnionGroup,female_child16,1,0.25,1.0,female,none,0.8271604938271605,0.8237875839558093,0.024184974473429575,143
R0177,gender,UnionGroup,female_child16,1,0.25,1.0,female_master,none,0.8271604938271605,0.8237875839558093,0.024184974473429575,143
R0519,female_child12,FamilyID+TicketNormalized,female_child16,2,0.0,1.0,female_master,none,0.8260381593714927,0.8266976335446614,0.02576079536541604,157
R0520,female_child12,FamilyID+TicketNormalized,female_child16,2,0.0,1.0,female_master,master,0.8260381593714927,0.8266976335446614,0.02576079536541604,159
R0521,female_child12,FamilyID+TicketNormalized,female_child16,2,0.0,1.0,female_master,young,0.8260381593714927,0.8266976335446614,0.02576079536541604,159
R0525,female_child12,FamilyID+TicketNormalized,female_child16,2,0.25,1.0,female_master,none,0.8260381593714927,0.8266976335446614,0.02576079536541604,156
R0526,female_child12,FamilyID+TicketNormalized,female_child16,2,0.25,1.0,female_master,master,0.8260381593714927,0.8266976335446614,0.02576079536541604,158
R0527,female_child12,FamilyID+TicketNormalized,female_child16,2,0.25,1.0,female_master,young,0.8260381593714927,0.8266976335446614,0.02576079536541604,158
R0429,female_child12,FamilyID,female_child16,2,0.25,1.0,female_master,none,0.8260381593714927,0.8260234762412906,0.02623554238175279,157
R0430,female_child12,FamilyID,female_child16,2,0.25,1.0,female_master,master,0.8260381593714927,0.8260234762412906,0.02623554238175279,159
R0431,female_child12,FamilyID,female_child16,2,0.25,1.0,female_master,young,0.8260381593714927,0.8260234762412906,0.02623554238175279,158
R0528,female_child12,UnionGroup,female_master,1,0.0,1.0,female,none,0.8260381593714927,0.8237938610256732,0.02445257121702313,157
R0552,female_child12,UnionGroup,female_child16,1,0.0,1.0,female,none,0.8260381593714927,0.8237938610256732,0.02445257121702313,157
R0386,female_child12,FamilyID,female_master,1,0.0,1.0,female,young,0.8260381593714927,0.8233469336513716,0.02495374122855147,159
R0410,female_child12,FamilyID,female_child16,1,0.0,1.0,female,young,0.8260381593714927,0.8233469336513716,0.02495374122855147,159
R0006,gender,FamilyID,female_master,1,0.25,1.0,female,none,0.8260381593714927,0.8226664992781371,0.024068659697729613,144
R0009,gender,FamilyID,female_master,1,0.25,1.0,female_master,none,0.8260381593714927,0.8226664992781371,0.024068659697729613,144
R0030,gender,FamilyID,female_child16,1,0.25,1.0,female,none,0.8260381593714927,0.8226664992781371,0.024068659697729613,144
R0033,gender,FamilyID,female_child16,1,0.25,1.0,female_master,none,0.8260381593714927,0.8226664992781371,0.024068659697729613,144
R0375,female_master,UnionGroup,female_child16,2,0.0,1.0,female_master,none,0.8249158249158249,0.8253530851798381,0.02454935942692521,164
R0376,female_master,UnionGroup,female_child16,2,0.0,1.0,female_master,master,0.8249158249158249,0.8253530851798381,0.02454935942692521,164
R0377,female_master,UnionGroup,female_child16,2,0.0,1.0,female_master,young,0.8249158249158249,0.8253530851798381,0.02454935942692521,165
R0543,female_child12,UnionGroup,female_master,2,0.0,1.0,female_master,none,0.8249158249158249,0.8244542087753436,0.025175523976468595,157
R0544,female_child12,UnionGroup,female_master,2,0.0,1.0,female_master,master,0.8249158249158249,0.8244542087753436,0.025175523976468595,159
R0545,female_child12,UnionGroup,female_master,2,0.0,1.0,female_master,young,0.8249158249158249,0.8244542087753436,0.025175523976468595,159
R0384,female_child12,FamilyID,female_master,1,0.0,1.0,female,none,0.8249158249158249,0.8226727763480006,0.024953096804496377,158
R0408,female_child12,FamilyID,female_child16,1,0.0,1.0,female,none,0.8249158249158249,0.8226727763480006,0.024953096804496377,158
R0231,female_master,FamilyID,female_child16,2,0.0,1.0,female_master,none,0.8237934904601572,0.8251283660787145,0.02472322324313841,165
R0232,female_master,FamilyID,female_child16,2,0.0,1.0,female_master,master,0.8237934904601572,0.8251283660787145,0.02472322324313841,165
R0233,female_master,FamilyID,female_child16,2,0.0,1.0,female_master,young,0.8237934904601572,0.8251283660787145,0.02472322324313841,165
R0399,female_child12,FamilyID,female_master,2,0.0,1.0,female_master,none,0.8237934904601572,0.82422948967422,0.025337121725882056,158
R0400,female_child12,FamilyID,female_master,2,0.0,1.0,female_master,master,0.8237934904601572,0.82422948967422,0.025337121725882056,160
R0401,female_child12,FamilyID,female_master,2,0.0,1.0,female_master,young,0.8237934904601572,0.82422948967422,0.025337121725882056,159
R0048,gender,TicketNormalized,female_master,1,0.0,1.0,female,none,0.8237934904601572,0.8217663674596697,0.02547266246165449,145
R0051,gender,TicketNormalized,female_master,1,0.0,1.0,female_master,none,0.8237934904601572,0.8217663674596697,0.02547266246165449,145
R0054,gender,TicketNormalized,female_master,1,0.25,1.0,female,none,0.8237934904601572,0.8217663674596697,0.02547266246165449,145
R0057,gender,TicketNormalized,female_master,1,0.25,1.0,female_master,none,0.8237934904601572,0.8217663674596697,0.02547266246165449,145
R0072,gender,TicketNormalized,female_child16,1,0.0,1.0,female,none,0.8237934904601572,0.8217663674596697,0.02547266246165449,145
R0075,gender,TicketNormalized,female_child16,1,0.0,1.0,female_master,none,0.8237934904601572,0.8217663674596697,0.02547266246165449,145
R0078,gender,TicketNormalized,female_child16,1,0.25,1.0,female,none,0.8237934904601572,0.8217663674596697,0.02547266246165449,145
R0081,gender,TicketNormalized,female_child16,1,0.25,1.0,female_master,none,0.8237934904601572,0.8217663674596697,0.02547266246165449,145
R0144,gender,UnionGroup,female_master,1,0.0,1.0,female,none,0.8215488215488216,0.8192982235892284,0.024134397549250147,144
R0147,gender,UnionGroup,female_master,1,0.0,1.0,female_master,none,0.8215488215488216,0.8192982235892284,0.024134397549250147,144
R0168,gender,UnionGroup,female_child16,1,0.0,1.0,female,none,0.8215488215488216,0.8192982235892284,0.024134397549250147,144
R0171,gender,UnionGroup,female_child16,1,0.0,1.0,female_master,none,0.8215488215488216,0.8192982235892284,0.024134397549250147,144
R0567,female_child12,UnionGroup,female_child16,2,0.0,1.0,female_master,none,0.8204264870931538,0.8208612139853118,0.026083603089847477,157
R0568,female_child12,UnionGroup,female_child16,2,0.0,1.0,female_master,master,0.8204264870931538,0.8208612139853118,0.026083603089847477,159
R0569,female_child12,UnionGroup,female_child16,2,0.0,1.0,female_master,young,0.8204264870931538,0.8208612139853118,0.026083603089847477,159
R0000,gender,FamilyID,female_master,1,0.0,1.0,female,none,0.8204264870931538,0.8181771389115561,0.024069878090672837,145
R0003,gender,FamilyID,female_master,1,0.0,1.0,female_master,none,0.8204264870931538,0.8181771389115561,0.024069878090672837,145
R0024,gender,FamilyID,female_child16,1,0.0,1.0,female,none,0.8204264870931538,0.8181771389115561,0.024069878090672837,145
R0027,gender,FamilyID,female_child16,1,0.0,1.0,female_master,none,0.8204264870931538,0.8181771389115561,0.024069878090672837,145
R0423,female_child12,FamilyID,female_child16,2,0.0,1.0,female_master,none,0.819304152637486,0.820636494884188,0.02620882009728795,158
R0424,female_child12,FamilyID,female_child16,2,0.0,1.0,female_master,master,0.819304152637486,0.820636494884188,0.02620882009728795,160
R0425,female_child12,FamilyID,female_child16,2,0.0,1.0,female_master,young,0.819304152637486,0.820636494884188,0.02620882009728795,159
R0252,female_master,TicketNormalized,female_master,2,0.0,1.0,female,none,0.819304152637486,0.8186290879417488,0.024659258932407797,168
R0253,female_master,TicketNormalized,female_master,2,0.0,1.0,female,master,0.819304152637486,0.8186290879417488,0.024659258932407797,168
R0254,female_master,TicketNormalized,female_master,2,0.0,1.0,female,young,0.819304152637486,0.8186290879417488,0.024659258932407797,169
R0258,female_master,TicketNormalized,female_master,2,0.25,1.0,female,none,0.819304152637486,0.8186290879417488,0.024659258932407797,168
R0259,female_master,TicketNormalized,female_master,2,0.25,1.0,female,master,0.819304152637486,0.8186290879417488,0.024659258932407797,168
R0260,female_master,TicketNormalized,female_master,2,0.25,1.0,female,young,0.819304152637486,0.8186290879417488,0.024659258932407797,169
R0300,female_master,FamilyID+TicketNormalized,female_master,2,0.0,1.0,female,none,0.8181818181818182,0.8175067478501036,0.02483267863448989,168
R0301,female_master,FamilyID+TicketNormalized,female_master,2,0.0,1.0,female,master,0.8181818181818182,0.8175067478501036,0.02483267863448989,168
R0302,female_master,FamilyID+TicketNormalized,female_master,2,0.0,1.0,female,young,0.8181818181818182,0.8175067478501036,0.02483267863448989,169
R0306,female_master,FamilyID+TicketNormalized,female_master,2,0.25,1.0,female,none,0.8181818181818182,0.8175067478501036,0.02483267863448989,167
R0307,female_master,FamilyID+TicketNormalized,female_master,2,0.25,1.0,female,master,0.8181818181818182,0.8175067478501036,0.02483267863448989,167
R0308,female_master,FamilyID+TicketNormalized,female_master,2,0.25,1.0,female,young,0.8181818181818182,0.8175067478501036,0.02483267863448989,168
R0210,female_master,FamilyID,female_master,2,0.25,1.0,female,none,0.8181818181818182,0.8168325905467329,0.024775092867958207,168
R0211,female_master,FamilyID,female_master,2,0.25,1.0,female,master,0.8181818181818182,0.8168325905467329,0.024775092867958207,168
R0212,female_master,FamilyID,female_master,2,0.25,1.0,female,young,0.8181818181818182,0.8168325905467329,0.024775092867958207,168
R0354,female_master,UnionGroup,female_master,2,0.25,1.0,female,none,0.8181818181818182,0.8166078714456093,0.024921224765327675,167
R0355,female_master,UnionGroup,female_master,2,0.25,1.0,female,master,0.8181818181818182,0.8166078714456093,0.024921224765327675,167
R0356,female_master,UnionGroup,female_master,2,0.25,1.0,female,young,0.8181818181818182,0.8166078714456093,0.024921224765327675,168
R0444,female_child12,TicketNormalized,female_master,2,0.0,1.0,female,none,0.8170594837261503,0.8163818969305129,0.02461048993969743,160
R0445,female_child12,TicketNormalized,female_master,2,0.0,1.0,female,master,0.8170594837261503,0.8163818969305129,0.02461048993969743,162
R0446,female_child12,TicketNormalized,female_master,2,0.0,1.0,female,young,0.8170594837261503,0.8163818969305129,0.02461048993969743,162
R0450,female_child12,TicketNormalized,female_master,2,0.25,1.0,female,none,0.8170594837261503,0.8163818969305129,0.02461048993969743,160
R0451,female_child12,TicketNormalized,female_master,2,0.25,1.0,female,master,0.8170594837261503,0.8163818969305129,0.02461048993969743,162
R0452,female_child12,TicketNormalized,female_master,2,0.25,1.0,female,young,0.8170594837261503,0.8163818969305129,0.02461048993969743,162
R0492,female_child12,FamilyID+TicketNormalized,female_master,2,0.0,1.0,female,none,0.8159371492704826,0.8152595568388676,0.0245289257529665,160
R0493,female_child12,FamilyID+TicketNormalized,female_master,2,0.0,1.0,female,master,0.8159371492704826,0.8152595568388676,0.0245289257529665,162
R0494,female_child12,FamilyID+TicketNormalized,female_master,2,0.0,1.0,female,young,0.8159371492704826,0.8152595568388676,0.0245289257529665,162
R0498,female_child12,FamilyID+TicketNormalized,female_master,2,0.25,1.0,female,none,0.8159371492704826,0.8152595568388676,0.0245289257529665,159
R0499,female_child12,FamilyID+TicketNormalized,female_master,2,0.25,1.0,female,master,0.8159371492704826,0.8152595568388676,0.0245289257529665,161
R0500,female_child12,FamilyID+TicketNormalized,female_master,2,0.25,1.0,female,young,0.8159371492704826,0.8152595568388676,0.0245289257529665,161
R0402,female_child12,FamilyID,female_master,2,0.25,1.0,female,none,0.8159371492704826,0.8145853995354968,0.024665892345190097,160
R0403,female_child12,FamilyID,female_master,2,0.25,1.0,female,master,0.8159371492704826,0.8145853995354968,0.024665892345190097,162
R0404,female_child12,FamilyID,female_master,2,0.25,1.0,female,young,0.8159371492704826,0.8145853995354968,0.024665892345190097,161
R0546,female_child12,UnionGroup,female_master,2,0.25,1.0,female,none,0.8159371492704826,0.8143606804343732,0.024741332930217193,159
R0547,female_child12,UnionGroup,female_master,2,0.25,1.0,female,master,0.8159371492704826,0.8143606804343732,0.024741332930217193,161
R0548,female_child12,UnionGroup,female_master,2,0.25,1.0,female,young,0.8159371492704826,0.8143606804343732,0.024741332930217193,161
R0276,female_master,TicketNormalized,female_child16,2,0.0,1.0,female,none,0.8148148148148148,0.8150360931517169,0.025254532491666943,168
R0277,female_master,TicketNormalized,female_child16,2,0.0,1.0,female,master,0.8148148148148148,0.8150360931517169,0.025254532491666943,168
R0278,female_master,TicketNormalized,female_child16,2,0.0,1.0,female,young,0.8148148148148148,0.8150360931517169,0.025254532491666943,169
R0282,female_master,TicketNormalized,female_child16,2,0.25,1.0,female,none,0.8148148148148148,0.8150360931517169,0.025254532491666943,168
R0283,female_master,TicketNormalized,female_child16,2,0.25,1.0,female,master,0.8148148148148148,0.8150360931517169,0.025254532491666943,168
R0284,female_master,TicketNormalized,female_child16,2,0.25,1.0,female,young,0.8148148148148148,0.8150360931517169,0.025254532491666943,169
R0061,gender,TicketNormalized,female_master,2,0.0,1.0,female,master,0.8148148148148148,0.8136789906471659,0.02505707867261012,150
R0062,gender,TicketNormalized,female_master,2,0.0,1.0,female,young,0.8148148148148148,0.8136789906471659,0.02505707867261012,150
R0064,gender,TicketNormalized,female_master,2,0.0,1.0,female_master,master,0.8148148148148148,0.8136789906471659,0.02505707867261012,150
R0065,gender,TicketNormalized,female_master,2,0.0,1.0,female_master,young,0.8148148148148148,0.8136789906471659,0.02505707867261012,150
R0067,gender,TicketNormalized,female_master,2,0.25,1.0,female,master,0.8148148148148148,0.8136789906471659,0.02505707867261012,150
R0068,gender,TicketNormalized,female_master,2,0.25,1.0,female,young,0.8148148148148148,0.8136789906471659,0.02505707867261012,150
R0070,gender,TicketNormalized,female_master,2,0.25,1.0,female_master,master,0.8148148148148148,0.8136789906471659,0.02505707867261012,150
R0071,gender,TicketNormalized,female_master,2,0.25,1.0,female_master,young,0.8148148148148148,0.8136789906471659,0.02505707867261012,150
R0324,female_master,FamilyID+TicketNormalized,female_child16,2,0.0,1.0,female,none,0.813692480359147,0.8139137530600716,0.02536452309187199,168
R0325,female_master,FamilyID+TicketNormalized,female_child16,2,0.0,1.0,female,master,0.813692480359147,0.8139137530600716,0.02536452309187199,168
R0326,female_master,FamilyID+TicketNormalized,female_child16,2,0.0,1.0,female,young,0.813692480359147,0.8139137530600716,0.02536452309187199,169
R0330,female_master,FamilyID+TicketNormalized,female_child16,2,0.25,1.0,female,none,0.813692480359147,0.8139137530600716,0.02536452309187199,167
R0331,female_master,FamilyID+TicketNormalized,female_child16,2,0.25,1.0,female,master,0.813692480359147,0.8139137530600716,0.02536452309187199,167
R0332,female_master,FamilyID+TicketNormalized,female_child16,2,0.25,1.0,female,young,0.813692480359147,0.8139137530600716,0.02536452309187199,168
R0234,female_master,FamilyID,female_child16,2,0.25,1.0,female,none,0.813692480359147,0.8132395957567009,0.025609711293507042,168
R0235,female_master,FamilyID,female_child16,2,0.25,1.0,female,master,0.813692480359147,0.8132395957567009,0.025609711293507042,168
R0236,female_master,FamilyID,female_child16,2,0.25,1.0,female,young,0.813692480359147,0.8132395957567009,0.025609711293507042,168
R0378,female_master,UnionGroup,female_child16,2,0.25,1.0,female,none,0.813692480359147,0.8130148766555773,0.02571973368069146,167
R0379,female_master,UnionGroup,female_child16,2,0.25,1.0,female,master,0.813692480359147,0.8130148766555773,0.02571973368069146,167
R0380,female_master,UnionGroup,female_child16,2,0.25,1.0,female,young,0.813692480359147,0.8130148766555773,0.02571973368069146,168
R0109,gender,FamilyID+TicketNormalized,female_master,2,0.0,1.0,female,master,0.813692480359147,0.8125566505555207,0.02505700734508552,150
R0110,gender,FamilyID+TicketNormalized,female_master,2,0.0,1.0,female,young,0.813692480359147,0.8125566505555207,0.02505700734508552,150
R0112,gender,FamilyID+TicketNormalized,female_master,2,0.0,1.0,female_master,master,0.813692480359147,0.8125566505555207,0.02505700734508552,150
R0113,gender,FamilyID+TicketNormalized,female_master,2,0.0,1.0,female_master,young,0.813692480359147,0.8125566505555207,0.02505700734508552,150
R0115,gender,FamilyID+TicketNormalized,female_master,2,0.25,1.0,female,master,0.813692480359147,0.8125566505555207,0.02505700734508552,149
R0116,gender,FamilyID+TicketNormalized,female_master,2,0.25,1.0,female,young,0.813692480359147,0.8125566505555207,0.02505700734508552,149
R0118,gender,FamilyID+TicketNormalized,female_master,2,0.25,1.0,female_master,master,0.813692480359147,0.8125566505555207,0.02505700734508552,149
R0119,gender,FamilyID+TicketNormalized,female_master,2,0.25,1.0,female_master,young,0.813692480359147,0.8125566505555207,0.02505700734508552,149
R0163,gender,UnionGroup,female_master,2,0.25,1.0,female,master,0.813692480359147,0.8116577741510262,0.025368475539133503,149
R0164,gender,UnionGroup,female_master,2,0.25,1.0,female,young,0.813692480359147,0.8116577741510262,0.025368475539133503,149
R0166,gender,UnionGroup,female_master,2,0.25,1.0,female_master,master,0.813692480359147,0.8116577741510262,0.025368475539133503,149
R0167,gender,UnionGroup,female_master,2,0.25,1.0,female_master,young,0.813692480359147,0.8116577741510262,0.025368475539133503,149
R0468,female_child12,TicketNormalized,female_child16,2,0.0,1.0,female,none,0.8125701459034792,0.8127889021404809,0.02568234720955784,160
R0469,female_child12,TicketNormalized,female_child16,2,0.0,1.0,female,master,0.8125701459034792,0.8127889021404809,0.02568234720955784,162
R0470,female_child12,TicketNormalized,female_child16,2,0.0,1.0,female,young,0.8125701459034792,0.8127889021404809,0.02568234720955784,162
R0474,female_child12,TicketNormalized,female_child16,2,0.25,1.0,female,none,0.8125701459034792,0.8127889021404809,0.02568234720955784,160
R0475,female_child12,TicketNormalized,female_child16,2,0.25,1.0,female,master,0.8125701459034792,0.8127889021404809,0.02568234720955784,162
R0476,female_child12,TicketNormalized,female_child16,2,0.25,1.0,female,young,0.8125701459034792,0.8127889021404809,0.02568234720955784,162
R0204,female_master,FamilyID,female_master,2,0.0,1.0,female,none,0.8125701459034792,0.8123432301801519,0.024582968006259445,169
R0205,female_master,FamilyID,female_master,2,0.0,1.0,female,master,0.8125701459034792,0.8123432301801519,0.024582968006259445,169
R0206,female_master,FamilyID,female_master,2,0.0,1.0,female,young,0.8125701459034792,0.8123432301801519,0.024582968006259445,169
R0348,female_master,UnionGroup,female_master,2,0.0,1.0,female,none,0.8125701459034792,0.8121185110790283,0.02468940750873555,168
R0349,female_master,UnionGroup,female_master,2,0.0,1.0,female,master,0.8125701459034792,0.8121185110790283,0.02468940750873555,168
R0350,female_master,UnionGroup,female_master,2,0.0,1.0,female,young,0.8125701459034792,0.8121185110790283,0.02468940750873555,169
R0060,gender,TicketNormalized,female_master,2,0.0,1.0,female,none,0.8125701459034792,0.8118862594940681,0.02544035118762767,147
R0063,gender,TicketNormalized,female_master,2,0.0,1.0,female_master,none,0.8125701459034792,0.8118862594940681,0.02544035118762767,147
R0066,gender,TicketNormalized,female_master,2,0.25,1.0,female,none,0.8125701459034792,0.8118862594940681,0.02544035118762767,147
R0069,gender,TicketNormalized,female_master,2,0.25,1.0,female_master,none,0.8125701459034792,0.8118862594940681,0.02544035118762767,147
R0019,gender,FamilyID,female_master,2,0.25,1.0,female,master,0.8125701459034792,0.8107614085744775,0.024728916652343585,149
R0020,gender,FamilyID,female_master,2,0.25,1.0,female,young,0.8125701459034792,0.8107614085744775,0.024728916652343585,148
R0022,gender,FamilyID,female_master,2,0.25,1.0,female_master,master,0.8125701459034792,0.8107614085744775,0.024728916652343585,149
R0023,gender,FamilyID,female_master,2,0.25,1.0,female_master,young,0.8125701459034792,0.8107614085744775,0.024728916652343585,148
R0516,female_child12,FamilyID+TicketNormalized,female_child16,2,0.0,1.0,female,none,0.8114478114478114,0.8116665620488357,0.025545247795862293,160
R0517,female_child12,FamilyID+TicketNormalized,female_child16,2,0.0,1.0,female,master,0.8114478114478114,0.8116665620488357,0.025545247795862293,162
R0518,female_child12,FamilyID+TicketNormalized,female_child16,2,0.0,1.0,female,young,0.8114478114478114,0.8116665620488357,0.025545247795862293,162
R0522,female_child12,FamilyID+TicketNormalized,female_child16,2,0.25,1.0,female,none,0.8114478114478114,0.8116665620488357,0.025545247795862293,159
R0523,female_child12,FamilyID+TicketNormalized,female_child16,2,0.25,1.0,female,master,0.8114478114478114,0.8116665620488357,0.025545247795862293,161
R0524,female_child12,FamilyID+TicketNormalized,female_child16,2,0.25,1.0,female,young,0.8114478114478114,0.8116665620488357,0.025545247795862293,161
R0426,female_child12,FamilyID,female_child16,2,0.25,1.0,female,none,0.8114478114478114,0.8109924047454647,0.02597407773047088,160
R0427,female_child12,FamilyID,female_child16,2,0.25,1.0,female,master,0.8114478114478114,0.8109924047454647,0.02597407773047088,162
R0428,female_child12,FamilyID,female_child16,2,0.25,1.0,female,young,0.8114478114478114,0.8109924047454647,0.02597407773047088,161
R0570,female_child12,UnionGroup,female_child16,2,0.25,1.0,female,none,0.8114478114478114,0.8107676856443412,0.026014711122916014,159
R0571,female_child12,UnionGroup,female_child16,2,0.25,1.0,female,master,0.8114478114478114,0.8107676856443412,0.026014711122916014,161
R0572,female_child12,UnionGroup,female_child16,2,0.25,1.0,female,young,0.8114478114478114,0.8107676856443412,0.026014711122916014,161
R0108,gender,FamilyID+TicketNormalized,female_master,2,0.0,1.0,female,none,0.8114478114478114,0.8107639194024229,0.025410245707520266,147
R0111,gender,FamilyID+TicketNormalized,female_master,2,0.0,1.0,female_master,none,0.8114478114478114,0.8107639194024229,0.025410245707520266,147
R0114,gender,FamilyID+TicketNormalized,female_master,2,0.25,1.0,female,none,0.8114478114478114,0.8107639194024229,0.025410245707520266,146
R0117,gender,FamilyID+TicketNormalized,female_master,2,0.25,1.0,female_master,none,0.8114478114478114,0.8107639194024229,0.025410245707520266,146
R0018,gender,FamilyID,female_master,2,0.25,1.0,female,none,0.8114478114478114,0.8100897620990521,0.025621413598127307,147
R0021,gender,FamilyID,female_master,2,0.25,1.0,female_master,none,0.8114478114478114,0.8100897620990521,0.025621413598127307,147
R0162,gender,UnionGroup,female_master,2,0.25,1.0,female,none,0.8114478114478114,0.8098650429979286,0.025654700028225903,146
R0165,gender,UnionGroup,female_master,2,0.25,1.0,female_master,none,0.8114478114478114,0.8098650429979286,0.025654700028225903,146
R0396,female_child12,FamilyID,female_master,2,0.0,1.0,female,none,0.8103254769921436,0.8100960391689159,0.024627641075969067,161
R0397,female_child12,FamilyID,female_master,2,0.0,1.0,female,master,0.8103254769921436,0.8100960391689159,0.024627641075969067,163
R0398,female_child12,FamilyID,female_master,2,0.0,1.0,female,young,0.8103254769921436,0.8100960391689159,0.024627641075969067,162
R0085,gender,TicketNormalized,female_child16,2,0.0,1.0,female,master,0.8103254769921436,0.8100859958571338,0.025342729520726814,150
R0086,gender,TicketNormalized,female_child16,2,0.0,1.0,female,young,0.8103254769921436,0.8100859958571338,0.025342729520726814,150
R0088,gender,TicketNormalized,female_child16,2,0.0,1.0,female_master,master,0.8103254769921436,0.8100859958571338,0.025342729520726814,150
R0089,gender,TicketNormalized,female_child16,2,0.0,1.0,female_master,young,0.8103254769921436,0.8100859958571338,0.025342729520726814,150
R0091,gender,TicketNormalized,female_child16,2,0.25,1.0,female,master,0.8103254769921436,0.8100859958571338,0.025342729520726814,150
R0092,gender,TicketNormalized,female_child16,2,0.25,1.0,female,young,0.8103254769921436,0.8100859958571338,0.025342729520726814,150
R0094,gender,TicketNormalized,female_child16,2,0.25,1.0,female_master,master,0.8103254769921436,0.8100859958571338,0.025342729520726814,150
R0095,gender,TicketNormalized,female_child16,2,0.25,1.0,female_master,young,0.8103254769921436,0.8100859958571338,0.025342729520726814,150
R0540,female_child12,UnionGroup,female_master,2,0.0,1.0,female,none,0.8103254769921436,0.8098713200677924,0.024662326023587172,160
R0541,female_child12,UnionGroup,female_master,2,0.0,1.0,female,master,0.8103254769921436,0.8098713200677924,0.024662326023587172,162
R0542,female_child12,UnionGroup,female_master,2,0.0,1.0,female,young,0.8103254769921436,0.8098713200677924,0.024662326023587172,162
R0133,gender,FamilyID+TicketNormalized,female_child16,2,0.0,1.0,female,master,0.8092031425364759,0.8089636557654886,0.025283099261841777,150
R0134,gender,FamilyID+TicketNormalized,female_child16,2,0.0,1.0,female,young,0.8092031425364759,0.8089636557654886,0.025283099261841777,150
R0136,gender,FamilyID+TicketNormalized,female_child16,2,0.0,1.0,female_master,master,0.8092031425364759,0.8089636557654886,0.025283099261841777,150
R0137,gender,FamilyID+TicketNormalized,female_child16,2,0.0,1.0,female_master,young,0.8092031425364759,0.8089636557654886,0.025283099261841777,150
R0139,gender,FamilyID+TicketNormalized,female_child16,2,0.25,1.0,female,master,0.8092031425364759,0.8089636557654886,0.025283099261841777,149
R0140,gender,FamilyID+TicketNormalized,female_child16,2,0.25,1.0,female,young,0.8092031425364759,0.8089636557654886,0.025283099261841777,149
R0142,gender,FamilyID+TicketNormalized,female_child16,2,0.25,1.0,female_master,master,0.8092031425364759,0.8089636557654886,0.025283099261841777,149
R0143,gender,FamilyID+TicketNormalized,female_child16,2,0.25,1.0,female_master,young,0.8092031425364759,0.8089636557654886,0.025283099261841777,149
R0187,gender,UnionGroup,female_child16,2,0.25,1.0,female,master,0.8092031425364759,0.8080647793609943,0.02585887073442199,149
R0188,gender,UnionGroup,female_child16,2,0.25,1.0,female,young,0.8092031425364759,0.8080647793609943,0.02585887073442199,149
R0190,gender,UnionGroup,female_child16,2,0.25,1.0,female_master,master,0.8092031425364759,0.8080647793609943,0.02585887073442199,149
R0191,gender,UnionGroup,female_child16,2,0.25,1.0,female_master,young,0.8092031425364759,0.8080647793609943,0.02585887073442199,149
R0228,female_master,FamilyID,female_child16,2,0.0,1.0,female,none,0.8080808080808081,0.8087502353901199,0.02518557870818378,169
R0229,female_master,FamilyID,female_child16,2,0.0,1.0,female,master,0.8080808080808081,0.8087502353901199,0.02518557870818378,169
R0230,female_master,FamilyID,female_child16,2,0.0,1.0,female,young,0.8080808080808081,0.8087502353901199,0.02518557870818378,169
R0372,female_master,UnionGroup,female_child16,2,0.0,1.0,female,none,0.8080808080808081,0.8085255162889964,0.02525753497241242,168
R0373,female_master,UnionGroup,female_child16,2,0.0,1.0,female,master,0.8080808080808081,0.8085255162889964,0.02525753497241242,168
R0374,female_master,UnionGroup,female_child16,2,0.0,1.0,female,young,0.8080808080808081,0.8085255162889964,0.02525753497241242,169
R0084,gender,TicketNormalized,female_child16,2,0.0,1.0,female,none,0.8080808080808081,0.8082932647040362,0.025667594433470328,147
R0087,gender,TicketNormalized,female_child16,2,0.0,1.0,female_master,none,0.8080808080808081,0.8082932647040362,0.025667594433470328,147
R0090,gender,TicketNormalized,female_child16,2,0.25,1.0,female,none,0.8080808080808081,0.8082932647040362,0.025667594433470328,147
R0093,gender,TicketNormalized,female_child16,2,0.25,1.0,female_master,none,0.8080808080808081,0.8082932647040362,0.025667594433470328,147
R0157,gender,UnionGroup,female_master,2,0.0,1.0,female,master,0.8080808080808081,0.8071684137844456,0.025113302177929824,150
R0158,gender,UnionGroup,female_master,2,0.0,1.0,female,young,0.8080808080808081,0.8071684137844456,0.025113302177929824,150
R0160,gender,UnionGroup,female_master,2,0.0,1.0,female_master,master,0.8080808080808081,0.8071684137844456,0.025113302177929824,150
R0161,gender,UnionGroup,female_master,2,0.0,1.0,female_master,young,0.8080808080808081,0.8071684137844456,0.025113302177929824,150
R0043,gender,FamilyID,female_child16,2,0.25,1.0,female,master,0.8080808080808081,0.8071684137844456,0.025403725945388752,149
R0044,gender,FamilyID,female_child16,2,0.25,1.0,female,young,0.8080808080808081,0.8071684137844456,0.025403725945388752,148
R0046,gender,FamilyID,female_child16,2,0.25,1.0,female_master,master,0.8080808080808081,0.8071684137844456,0.025403725945388752,149
R0047,gender,FamilyID,female_child16,2,0.25,1.0,female_master,young,0.8080808080808081,0.8071684137844456,0.025403725945388752,148
R0132,gender,FamilyID+TicketNormalized,female_child16,2,0.0,1.0,female,none,0.8069584736251403,0.8071709246123909,0.025578883196984366,147
R0135,gender,FamilyID+TicketNormalized,female_child16,2,0.0,1.0,female_master,none,0.8069584736251403,0.8071709246123909,0.025578883196984366,147
R0138,gender,FamilyID+TicketNormalized,female_child16,2,0.25,1.0,female,none,0.8069584736251403,0.8071709246123909,0.025578883196984366,146
R0141,gender,FamilyID+TicketNormalized,female_child16,2,0.25,1.0,female_master,none,0.8069584736251403,0.8071709246123909,0.025578883196984366,146
R0042,gender,FamilyID,female_child16,2,0.25,1.0,female,none,0.8069584736251403,0.8064967673090202,0.02608467933215381,147
R0045,gender,FamilyID,female_child16,2,0.25,1.0,female_master,none,0.8069584736251403,0.8064967673090202,0.02608467933215381,147
R0013,gender,FamilyID,female_master,2,0.0,1.0,female,master,0.8069584736251403,0.8062720482078966,0.024456822486313243,150
R0014,gender,FamilyID,female_master,2,0.0,1.0,female,young,0.8069584736251403,0.8062720482078966,0.024456822486313243,149
R0016,gender,FamilyID,female_master,2,0.0,1.0,female_master,master,0.8069584736251403,0.8062720482078966,0.024456822486313243,150
R0017,gender,FamilyID,female_master,2,0.0,1.0,female_master,young,0.8069584736251403,0.8062720482078966,0.024456822486313243,149
R0186,gender,UnionGroup,female_child16,2,0.25,1.0,female,none,0.8069584736251403,0.8062720482078966,0.026086442178153157,146
R0189,gender,UnionGroup,female_child16,2,0.25,1.0,female_master,none,0.8069584736251403,0.8062720482078966,0.026086442178153157,146
R0420,female_child12,FamilyID,female_child16,2,0.0,1.0,female,none,0.8058361391694725,0.806503044378884,0.02570420484433063,161
R0421,female_child12,FamilyID,female_child16,2,0.0,1.0,female,master,0.8058361391694725,0.806503044378884,0.02570420484433063,163
R0422,female_child12,FamilyID,female_child16,2,0.0,1.0,female,young,0.8058361391694725,0.806503044378884,0.02570420484433063,162
R0564,female_child12,UnionGroup,female_child16,2,0.0,1.0,female,none,0.8058361391694725,0.8062783252777603,0.025706048655659643,160
R0565,female_child12,UnionGroup,female_child16,2,0.0,1.0,female,master,0.8058361391694725,0.8062783252777603,0.025706048655659643,162
R0566,female_child12,UnionGroup,female_child16,2,0.0,1.0,female,young,0.8058361391694725,0.8062783252777603,0.025706048655659643,162
R0012,gender,FamilyID,female_master,2,0.0,1.0,female,none,0.8058361391694725,0.8056004017324713,0.025535861592993443,148
R0015,gender,FamilyID,female_master,2,0.0,1.0,female_master,none,0.8058361391694725,0.8056004017324713,0.025535861592993443,148
R0156,gender,UnionGroup,female_master,2,0.0,1.0,female,none,0.8058361391694725,0.8053756826313477,0.025529773520657658,147
R0159,gender,UnionGroup,female_master,2,0.0,1.0,female_master,none,0.8058361391694725,0.8053756826313477,0.025529773520657658,147
R0181,gender,UnionGroup,female_child16,2,0.0,1.0,female,master,0.8035914702581369,0.8035754189944135,0.025372003541471892,150
R0182,gender,UnionGroup,female_child16,2,0.0,1.0,female,young,0.8035914702581369,0.8035754189944135,0.025372003541471892,150
R0184,gender,UnionGroup,female_child16,2,0.0,1.0,female_master,master,0.8035914702581369,0.8035754189944135,0.025372003541471892,150
R0185,gender,UnionGroup,female_child16,2,0.0,1.0,female_master,young,0.8035914702581369,0.8035754189944135,0.025372003541471892,150
R0037,gender,FamilyID,female_child16,2,0.0,1.0,female,master,0.8024691358024691,0.8026790534178646,0.024897893729900426,150
R0038,gender,FamilyID,female_child16,2,0.0,1.0,female,young,0.8024691358024691,0.8026790534178646,0.024897893729900426,149
R0040,gender,FamilyID,female_child16,2,0.0,1.0,female_master,master,0.8024691358024691,0.8026790534178646,0.024897893729900426,150
R0041,gender,FamilyID,female_child16,2,0.0,1.0,female_master,young,0.8024691358024691,0.8026790534178646,0.024897893729900426,149
R0036,gender,FamilyID,female_child16,2,0.0,1.0,female,none,0.8013468013468014,0.8020074069424393,0.025767670855939284,148
R0039,gender,FamilyID,female_child16,2,0.0,1.0,female_master,none,0.8013468013468014,0.8020074069424393,0.025767670855939284,148
R0180,gender,UnionGroup,female_child16,2,0.0,1.0,female,none,0.8013468013468014,0.8017826878413156,0.025730276736569753,147
R0183,gender,UnionGroup,female_child16,2,0.0,1.0,female_master,none,0.8013468013468014,0.8017826878413156,0.025730276736569753,147
